,제목,내용,주소
0,부천pt 신년계획 이루기위해 : 네이버 블로그,"새해를 맞이하여 삶에 신선한 변화를 주고 싶은 분들이 많을 텐데요. 새로운 취미를 찾아보거나 혹은 계획이나 목표를 세우는 분들이 많을 것이라 생각이 들어요. 저처럼 건강을 중요시하거나 새해부터 몸을 움직이는 습관을 들여보고자 한다면, 혹은 몸을 만들어보고 싶다는 계획이 있는 경우 운동 방법들을 알아볼 수 있어요. 물론 혼자서 꾸준하게 운동을 이어가기란 쉽지 않기 때문에 부천pt를 알아보는 분들이 계실거예요. 운동은 과정이나 방법, 자세 등이 중요하기 때문에 잘못된 자세로 배우게 되면 되려 부담이 생기거나 몸을 해칠 수 있기 때문에 주의가 필요한데요. 열정도 중요하지만 바르게 배워보는 것이 중요하다는 것을 다시 한 번 상기하고 시작하는 것이 좋았어요. 흔히 땀을 뻘뻘 흘리고 힘든 이미지를 떠올릴 수 있지만 사실 간단한 동작부터 차근차근 시작해가는 것이 중요해요. 처음에는 가벼운 스트레칭을 통해서 몸의 긴장을 풀어주고 웜업으로 달리기를 통해 땀을 흘렸어요. 처음에는 500m부터 시작했는데, 이러한 동작들은 몸에 열을 내게 해줄 뿐 아니라 전신으로 혈액순환이 원활하게 흐를 수 있도록 도움을 준다고 해요. 뛰는 거리는 나의 상태를 고려하면서 천천히 늘리면 좋은데요. 다양한 기구들이 준비되어 있는 만큼 러닝머신을 이용해볼 수 있어서 좋았어요. 저는 100m를 천천히 걷다가, 500m를 뛰는 루틴으로 몸을 예열해준 다음 본격적인 부천pt를 받아보았는데요. 매일 각각 다른 부위들을 순차적으로 진행했어요. 아직은 욕심을 부리기엔 초보자이기도 하고, 몸이 따라가기 힘든 과한 운동은 안 하니만 못하다고들 하더라고요. 저는 주로 하체와 복부를 중심으로 근력을 진행했어요. 어떤 방법으로 따라가면 되는지 부천pt를 통해 차근차근 설명을 들어볼 수 있었는데요. 기구를 이용하는 운동은 자세를 편하게 잡아볼 수 있고 그만큼 쉽게 따라하고 이용할 수 있기 때문이라고 해요. 기구마다 사용 방법에는 각각 차이가 있지만 설명을 들어가면서 진행하니 사용법 자체는 어렵게 느껴지지 않았어요. 평소 하체 운동은 스쿼트 정도만 했었는데 이번에 레그 프레스를 이용한 자세를 배워봤어요. 레그 프레스는 머신을 이용해서 무게를 밀어내는 하체 운동법인데, 즉 스쿼트를 머신으로 진행하는 방법이에요. 참고로 프레스가 들어가는 이름은 모두 밀어내는 방법이라고 보면 된다고 합니다. 반대로 컬이 들어가는 방법은 당기는 것이라고 해요. 레그프레스는 다리로 발판을 밀어내는 식으로 진행되는데, 이때 무릎이 펴지고 고관절이 펴지는 방향으로 힘을 쓰게 되면서 해당 부위의 근육들이 단련된다고 해요. 무릎과 힙관절을 모두 사용하기 때문에 하체중에서도 다관절이라 불린다고 하는데요. 한 관절만 발달시키기보다 다양한 관절을 발달시킬 수 있어 전반적으로 효과가 뛰어난 운동법인데다, 초보자들도 쉽게 따라할 수 있기 때문에 부천pt에서도 추천하는 방법이라고 해요. 머신을 이용하기 때문에 자세를 잡는 것은 어렵지 않지만 그 안에서도 올바르게 잡아주는 것이 중요하기 때문에 머리와 등, 엉덩이가 등을 받쳐주는 패드에 단단하게 밀착하여 고정되는지, 그리고 의자 양 옆의 손잡이를 잘 잡았는지, 대퇴와 하지가 직각이 되고 허벅지와 발판이 평행이 되도록 위치가 조정되었는지 등을 체크해보는 것이 좋았습니다. 무엇보다 반동이 생기지 않도록 해주는 것이 포인트였어요. 또 발판에 놓는 발의 위치에 따라서 트레이닝 되는 근육 역시 달라진다고 하는데요. 저항운동인 만큼 목적에 따라 강도를 조절할 수 있고, 저는 지키지 않는 선에서 2세트 씩 진행하였어요. 스쿼트 자세가 평소에 불안했는데 편하게 할 수 있었고 근육 개입이 다른 하체 운동보다 많아서 적절하다 생각이 들었어요.  평소에 배를 이용하는 움직임은 거의 없는 만큼, 부천pt를 받아보면서 상복부 운동을 진행했는데요. 윗몸일으키기를 할 수 있는 벤치를 이용해서 싯업과 크런치를 진행했어요. 싯업은 말 그대로 윗몸일으키기로 복근 외에도 온 몸을 다 사용하게 되는 것인데요. 싯업을 할 줄 모르는 사람은 없을 정도로 방법은 쉽지만 몸을 눕히고 일으키는 과정 등에서 몸이 계속해서 움직이기 때문에 제대로 고정되지 않는 이상은 혼자서 제대로 하기 어려운 방법이라고 해요. 단, 싯업의 경우 요통을 증가시킬 수 있기 때문에 자신의 몸 상태를 체크하면서 피하거나 크런치와 같은 변형 동작을 이용하는 것이 좋았어요. 크런치는 윗몸일으키기의 변형으로 상복부를 집중적으로 강화시키는 동작이에요. 복근과 코어 단련에 좋은 방법인데요. 1세트에 평균 8~20회 정도를 한다고 해요. 또 3~5세트를 일반적으로 하는데 저는 20회씩을 1세트로, 총 2세트를 진행했고 차근차근 증진시킬 예정이에요. 오늘 이렇게 제가 피티를 받아보며 진행하는 운동에 대해서 설명을 해보았는데요. 하루하루 건강의 중요성을 깨닫고 있는 만큼 지금이라도 내 몸을 바르게 돕고 지켜야겠다는 생각이 많이 들었어요. 내 몸을 지키고 싶다면 더스토리짐을 통해 바른 자세들을 배우고 시작해보는 것은 어떨까요. 몸 만들기, 꾸준한 운동 등 목표를 세웠다면 이러한 버킷리스트를 이루어줄  도 진행되고 있으니 참고해보시면 좋을 것 같습니다. 새해 계획 꾸준하게 이어질 수 있길 바라며 22년은 모두가 부러워할 탄탄한 바디를 가꿔보는 건 어떨까요? 방역 및 소독을 정말 꼼꼼하게 진행하고 있었던 곳 :) ",http://blog.naver.com/PostView.naver?blogId=jollypon&logNo=222613666148&from=search&redirect=Log&widgetTypeCall=true&directAccess=false
1,[3P바인더] 2022년 신년 계획 & 2021년 되돌아보기 : 네이버 블로그,"2022년 임인년(壬寅年) 새해 가 밝았습니다.  작년에 이어 올해도 코로나의 여파로 큰 감흥 없이 조용하게 지나간 것 같아요. 아무래도 북적거리는 느낌이 없으니 연말연시 느낌은 덜한 것 같습니다. 그래도  이웃님들 모두 건강하고 무탈하게 2021년을 마무리하고 희망찬 새해를 맞이하셨으면 좋겠네요.  2022년 임인년(壬寅年)은 '검은 호랑이의 해'라고 합니다. 제가 1986년생, 호랑이띠인데, 올해는 호랑이 기운 듬뿍 받아서 좋은 일들이 더 많은 한 해였으면 좋겠습니다.  물론 제 자신이 호랑이 기운을 뿜으며 열정적인 한 해를 보내야겠다는 다짐도 하게 되네요. ^^ 2017년, 3P바인더를 사용한 후로 새해가 되면 지난해를 돌아보고 새해 계획을 세우는 시간을 가지고 있어요. 계획을 세운다고 해서 모든 것을 다 이룰 수 있는 것은 아니지만 1년에 한 번이라도 지난 시간을 돌아보고 새해의 다짐을 하는 시간을 가지는 것이 삶의 방향을 잃지 않고 살아가는데 큰 도움이 되는 것 같습니다. 대단한 계획을 세우는 시간이라기보다는 한 해를 잘 살아왔는가를 되짚어보는데 더 큰 의미가 있는 것 같기도 하네요. ^-^ 2021년 1월 2일 1년 전 세웠던 2021년의 연간 계획입니다. 일/직업, 자기계발, 가정/재정, 신체/건강, 신앙/봉사, 개인적 성취,  이렇게 6가지 카테고리별로 세부 목표를 세웠습니다. 목표들 중에는 성취해야 할 목표도 있었고, 꾸준히 유지해야 할 루틴도 있었습니다.  2021년에는 개인적으로 삶의 굵직한 결정과 행동을 해야 했던 1년이라, 이루고자 했던 큰 목표들은 달성했지만 대신에 평소에 유지하던 루틴들은 상대적으로 많이 신경 쓰지 못한 한 해였다는 생각이 드네요. 달성한 목표 진급 가점 자격증 취득(ARe, APIU) 내 집 마련, 무사히 잔금 치르고 입주 연간 저축 목표 달성 아쉬운 목표 업계 인적 네트워크 확장 (코로나 거리두기) 독서 (목표 50권 / 달성 31권) 국내여행 (삼척여행, 홍천여행, 짧은 리프레시) 운동 및 식단, 체중관리 블로그 포스팅 (사람들이 찾는 콘텐츠 생산자) 부족했던 목표 렉처멘터리, 영어공부 해외여행 (코로나 이슈) 가족여행  월급 외 부수입, 책 쓰기, 인적 네트워크 확장 연간계획을 비롯해서 컴퓨터 파일로 정리해둔 큰 틀에서의 인생 계획은 2021년과 큰 차이가 없습니다. 인생의 큰 방향과 목표가 변하지 않았다면 매번 계획을 드라마틱하게 바꿀 필요가 없다고 생각해요. 오히려 단단한 루틴을 만들고 불필요한 것들을 걷어내는 작업이 필요합니다. 독서를 좋아하고 제 블로그의 가장 큰 정체성인 북리뷰, 올해는 조금 줄이기로 했습니다. 평소 50권의 독서가 목표였는데 30권으로 줄였어요.  책을 읽는 것(Input)보다 직접 생각하고(Think), 이런저런 시도를 해보며(Action), 시행착오를 겪어가며 성과를 만들어내는(Output)에 좀 더 집중해야 한다는 생각을 했습니다. 단단하게 만들어둔 루틴을 유지하면서 결혼이라는 이벤트를 준비하면서, 투자 공부와 체력관리에 좀 더 신경 쓰는 2022년을 보내야겠다고 마음먹었어요. ^-^ 꿈을 구체적으로 적으면 이룰 확률이 높아진다고 합니다. 꿈 리스트도 특별한 변화는 없습니다. 2022년 상반기 결혼을 목표로 하고 있고, 코로나가 종식되어 유럽으로 신혼여행을 갈 수 있으면 참 좋겠습니다. 2020년에 작성했던 미션, 역할 기술, 비전, 핵심가치는 그대로 유지합니다. 100세 인생 어떤 방향으로 살아갈 것인가 2021년 2월에 달성한 내 집 마련 목표만 하이라이트를 해두었습니다. 더 많은 인생 목표들이 파란색으로 채워지도록 노력해야겠네요. 이루고 싶은 것은 시각화하면 더 좋습니다. 경제적 자유는 아직 갈 길이 멉니다. 2022년에는 가정을 꾸릴 수 있을 것 같습니다. 집은 마련했는데 한강은 아직 안 보입니다.  거실엔 서재가 없지만 작은 공부방은 마련했습니다. 벤츠는 멀었지만 첫 차로 아반떼를 계약했습니다. 그래도 모두 이룰 수 있을 것이라고 확신합니다. ^-^ 꼭 거창하지 않아도 좋습니다. 가장 잘 보이는 곳에 2022년 이루고 싶은 것 딱 3가지만 적어보고  매일 떠올리는 것만으로도 좀 더 열정적인 한 해를 살아갈 수 있을 것이라고 생각해요. 방문해 주시는 모든 분들이 알찬 2022년 준비하시는 시간 꼭 가져보셨으면 좋겠습니다.  항상 방문해 주시는 모든 분들 감사드려요. 2022년 임인년(壬寅年)에도 자주 만나요. 행복한 한 해 되시길 기원합니다~♥ ",http://blog.naver.com/PostView.naver?blogId=leedado&logNo=222612152212&from=search&redirect=Log&widgetTypeCall=true&directAccess=false
2,2022년 신년 계획 세우셨나요? 2022 일정관리 앱 추천 : 네이버 블로그,"Happy New Year! 새해가 찾아왔습니다. 지난 한 해의 아쉬움은 뒤로 하고 새롭게 찾아온 2022년을 힘차게 맞이해보는 순간이네요. 한 해를 시작을 알리는 1월, 여러분은 올해 어떤 계획을 세우고 있나요? 반복되는 일상일지라도 캘린더에 하루하루 일정들을 기록하다 보면 연말에는 더욱 뿌듯함을 느낄 수 있을 거예요. 그래서 오늘은 새해를 맞이하여, 일정이나 계획을 관리하기에 좋은 앱을 소개해 드릴게요! ① [ 투두메이트 ] 복잡한 할 일들을 한눈에 투두메이트는 할 일 관리하기에 탁월한 대표적인 앱입니다. 캘린더와 같이 날짜를 달력으로 확인하며 날짜마다 해야 하는 일을 추가해 리스트로 만들 수 있습니다. 같은 날짜이더라도 할 일을 분류해 폴더 안에 넣을 수 있고 폴더별로 컬러를 설정할 수 있으니 보기에도 편리하죠. 해당하는 일을 다 마쳤다면 체크 표시를 통해 완료를 나타낼 수 있습니다. 매일매일 도장깨기 하듯 할 일을 힘차게 해낼 수 있겠죠?  투두메이트의 독특한 점은 나의 할 일들을 다른 사람들도 볼 수 있다는 것인데요. 함께 투두메이트를 사용하는 친구와 일부 공개 설정을 통해 확인하고 서로 독려할 수 있습니다. 기본 이모지나 투두메이트 캐릭터 스티커를 활용해 응원할 수 있어 함께 해 나가는 기분을 느낄 수 있죠. 또한, 스마트폰 홈 화면에 위젯으로 꺼내 둘 수 있기 때문에 오늘의 해야 할 일을 한눈에 쉽게 확인할 수 있어 일정 관리하기에 참 유용합니다. ② [ 타임블럭스 ] 마치지 못한 일은 다음 날로 알아서 타임블럭스 앱은 할 일을 추가하고 수정하는 데 있어 편리합니다. 할 일 목록을 매일 다시 작성하기보다, 미처 다 마치지 못한 일은 다음 날로 알아서 넘어오게 해주는 기능을 갖고 있는데요. 또한, 이틀 이상 이어지는 일정을 등록할 때는 앱 화면에서 날짜들을 직접 드래그해 한 번에 등록할 수도 있습니다. 그리고 기존에 등록되어 있는 일정을 수정할 때 드래그 앤 드롭으로 날짜를 쉽게 옮길 수 있어 더욱 편리합니다. 타임블럭스 앱은 구글 캘린더, 아이폰 캘린더와도 연동시킬 수 있어 여러 개의 캘린더를 불러온 뒤 한눈에 종합적으로 확인할 수 있는데요. 다양한 테마와 컬러, 폰트, 날짜 배경을 내 마음대로 선택해서 꾸밀 수 있다는 것도 큰 장점입니다. ③ [ 타임트리 ] 공유하기 간편한 캘린더 혼자서 일정을 관리하고 할 일을 체크할 수 있는 건 기본! 타임트리는 여러 명과 캘린더를 서로 공유할 수 있는 앱입니다. 친구나 가족, 연인에게 나의 일정을 말로 설명하기 보다 함께 캘린더를 볼 수 있으면 정말 간편하지 않을까요? 타임트리는 그룹별로 캘린더를 만들어 공유, 초대하는 사람을 따로 분류해 관리할 수 있습니다. 나의 캘린더 일정을 공유할 수 있을 뿐만 아니라 다른 사람의 캘린더를 공유 받아 하나의 화면에서 종합적으로 일정을 확인할 수 있기 때문에 보다 효율적으로 일정을 공유할 수 있어요. 타임트리는 스마트폰 앱에서만 아니라 PC 접속도 가능하기 때문에 더욱 편리하게 일정을 관리할 수 있습니다. ④ [ 구글캘린더 ] 똑똑하고 편리한 캘린더 대중적으로 사용하고 있는 구글캘린더의 가장 큰 장점은 구글 아이디를 통해 다양한 기기와 연동할 수 있다는 점입니다. 아이폰, 아이패드, PC로도 쉽게 접속해 수정이 가능하니 여러 기기를 사용하신다면 더욱 편리하겠죠! 그리고 G-mail을 통해 수신되는 항공편, 호텔 등의 일정은 알아서 구글캘린더 일정에 등록되는 기능도 있는데요. 최근에는 구글 건강 앱과도 통합되어 자신의 운동습관을 추적하는 기능도 추가되었다고 합니다.  ⑤ [ 마이루틴 ] 성실하고 꾸준하게 날마다 가꾸고 싶다면 매일 반복되는 루틴을 성실하게 해 나가고 싶다면? 마이루틴 앱을 활용해 새로운 습관을 만들어갈 수 있습니다. 매일 아침 물 한 잔 마시기, 일기 쓰기, 운동하기 등 크고 작은 하루의 습관들을 적어 수행을 완료할 때마다 체크하고 하루의 완료 목록이 늘어나면 초록색 신호등이 들어오는 걸 확인할 수 있어요. 이런 기록은 주 단위, 월 단위로도 확인할 수 있어 단순한 하루라도 얼마나 성실하게 지내왔는지를 볼 수 있죠. 나의 루틴 목록을 다른 사람과 공유할 수도 있고 다른 사람이 만든 좋은 루틴은 나의 목록으로 가져올 수도 있는데요. 혼자서 실행하기 어려운 습관들을 마이루틴에 기록하면서 스스로 동기부여를 해주고 성취감을 얻을 수 있습니다.  여러분은 새해에 어떤 목표를 세우셨나요? 작년과 비슷한 목표, 과정과 결과가 명확하지 않은 목표는 아닌가요? 목표를 세우는 이유는 그곳에 도달하는 매일의 과정을 스스로 독려하며 기대감을 갖기 위함인데요. 목표를 잘 이루기 위해서는 먼저, 좋은 목표를 잘 세우는 것부터 중요합니다. 좋은 목표란 무엇일까요? 측정 가능한 숫자가 들어 있는 목표, 매일 점검하고 진척도를 기록할 수 있는 목표, 최선을 다했을 때 80% 이상 달성 가능한 도전적 목표 등을 고려해 구체적인 결과를 언급할 수 있어야 하는데요. 가령, ‘체력을 길러서 더 부지런해지겠다.’라는 목표는 구체적이거나 측정이 가능하지 않습니다. 따라서, ‘일주일에 3회 이상 러닝으로 체력을 길러 매일 아침 6시에 기상하겠다.’라고 수정하는 것을 추천해 드립니다.  여러분은 어떤 목표를 향해 달려가기 원하시나요? 오늘 알려드린 일정관리 앱과 함께 꼭 지키고 싶은 새해 계획을 잘 정리해 보세요. 2022년에는 더욱 기대되는 일들이 가득하시길 바랍니다!  ",http://blog.naver.com/PostView.naver?blogId=ilovekwater&logNo=222612733544&from=search&redirect=Log&widgetTypeCall=true&directAccess=false
3,김포다이어트한약 신년계획다지기 : 네이버 블로그,"김포다이어트한약 신년계획다지기 김포다이어트한약 신년계획다지기 안녕하세요.  2021년의 마지막 날,  다들 잘 보내고 계신가요? 2021년에 목표를 세웠던  김포다이어트를 실패하셨다면,  2022년에는 또 열심히 김포다이어트한의원과 함께  다시한번 시도해보시는 것이 어떨까요.  운동도 중요하지만,  가장 중요한 것은 식단입니다.  아무리 운동을 열심히 2시간 이상 했다고 하더라도  먹은 것 이상의 칼로리를 소비하기 힘들기 때문입니다.  운동을 하고 와서 빵과 베이글,  과자 등을 먹는다면 새로 섭취한 칼로리가 훨씬 많아서  근육은 탄탄해질 수 있어도 살은 잘 빠지지 않습니다.  김포다이어트한의원은 공휴일, 신정, 1월 1일 새해에도  점심시간 없이 오후 3시까지 진료하므로  신년계획으로 체중감량을 계획하셨다면  차일피일 미루지말고 바로 내원해주시길 바랍니다. ",http://blog.naver.com/PostView.naver?blogId=boma0109&logNo=222609229691&from=search&redirect=Log&widgetTypeCall=true&directAccess=false
4,2022년 신년계획 세우기_ 꿈에 더 빨리 다가가는 법 : 네이버 블로그,"2022년 신년계획 세우기_ 꿈에 더 빨리 다가가는 법 벌써 2021년 한 해가 저물어간다. 나이를 먹을 수록 시간이 더 빨리 흘러가는 느낌이 든다. 새해를 앞두고 또 희망찬 한 해를 보내기 위해 신년계획을 세웠다. 올해 일본에서 야심차게 구입한 새 다이어리와 함께 계획을 열심히 세워봤다. 책으로 낸 저자의 이론을 담은 다이어리라서 컨텐츠가 알차다. 써야 할 항목이 많은 감도 있었지만 하나하나 따라 쓰다 보니 나의 1년이 윤곽을 드러냈다. 혹시 신년계획을 세우고 싶지만 뭐부터 해야 할지 감이 안 잡히는 분들이 있다면, 이 포스팅이 작은 도움이 되었으면 싶다.  # 이 다이어리의 계획 세우기는 탑다운 방식으로 이루어져 있다. 거시적인 것부터 시작해서 점점 세세한 항목으로 내려가는 것이다. 인생의 비전이나 가치관에서 시작해 장기 계획, 1년계획, 3개월 계획으로 나누고, 단기 계획인 먼슬리에 쪼갠 후에 다시 위클리에 세분화해서 넣는 것이다. © jeshoots, 출처 Unsplash 1. 제일 먼저 해야 할 일은  나란 사람에 대해 알아보는 것 · 내겐 어떤 역할이 주어졌는가  ex) 아내, 엄마, 직장인, 프리랜서 · 이와 함께 역할 별로 수행해야 할 일을 생각해 본다. ex) 엄마로서 아이들이 잘 성장해서 스스로 행복한 인생을 만들어갈 수 있도록 도와준다. · 과거에 이루고 싶었던 꿈, 지금까지 가장 몰두한 일, 2021년을 돌아보며 하지 못해 아쉬웠던 일 생각해보기. ex) 나는 여태 책읽기에 가장 몰두했다. 앞으로도 책을 많이 읽으면서 성장하고 싶다. 더불어 경제적 안정에 대한 소망이 간절하다는 걸 깨달았다. 수입을 점점 늘려가서 경제적 안정의 바탕을 만들고 싶다.  · 내가 원하는 라이프스타일, 앞으로 10년 후 나의 모습, 돈이 10억 있다면 하고 싶은 일. ex) 집에서 3~5시간 정도 일하면서 경제적 활동을 한다. 성취감도 느끼면서 가정도 같이 돌보고 싶다.  더 많은 질문도 있지만, 이런 질문들로 나의 꿈, 원하는 라이프스타일, 장기 계획, 내가 가치를 두는 일 등을 알아볼 수 있다. 2. 위의 질문을 토대로 장기 계획을 세워 본다. 1년, 3년, 5년, 10년 후 미래에는 내가 어떤 모습으로 무엇을 하고 있을지 생각해본다. 일이나 가족관계, 취미, 경제 등 여러 분야로 나눠보는 것도 좋다.  3. 1년 목표를 잡아보기 1번에서 생각했던 여러 항목별로, 혹은 커다란 목표 하나를 가지고 1년치 계획을 세워본다. ex) 2월까지 블로그 방문자수 800명 늘리기, 5월까지 애드포스트 수익 5만원 만들기. 1월에 전자책 구상하기 및 소재 모으기, 2월에 전자책 쓰기, 3월에 전자책 다듬기 및 업로드 4. 목표 쪼개기  1년간의 목표를 이루기 위해 달마다 해야 할 일, 주마다 혹은 매일의 루틴을 생각해본다. ex) 1년에 책 100권 읽기 -> 한 달에 책 8권 이상 읽기 - > 일주일에 책 2권 이상 읽기 블로그 방문자수 1000명 만들기 -> 이틀에 한 번 포스팅하기 5. 한 달간을 돌아보는 시간 갖기 월말에 한 달을 돌아보며, 잘한 점이나 못한 점을 체크해보고 개선할 방법을 찾는다. 계획이 얼마나 잘 진행되고 있는지 살펴보는 것도 잊지 않는다. 작년부터 계획을 세우기 시작한 나.  신기하게도 계획을 세운 대로 백 퍼센트는 아니더라도 얼추 따라가는 모습을 보였다.  책도 많이 읽게 됐고, 쫄보에다 겁 많은 내가 재테크도 시작했다. 블로그도 꾸준히 쓰게 된 나! 그렇다 나는 다 계획이 있었던 것이다. 올해는 새해 계획을 더욱 체계적으로 세워보고 싶다는 생각이 들었고, 좋은 다이어리와 만나서 꼼꼼하게 생각해볼 수 있었다. 내가 진정으로 원하는 것, 원하는 삶을 생각해보고 종이에 적어보는 것. 이것만으로도 스스로를 돌아보는 계기가 된다. 게다가 거창한 것 같던 목표를 잘개 쪼개면 해볼 만해진다. 내 꿈이나 목표를 잘 보이게 적어보고 수시로 확인하는 것만으로 이룰 가능성이 높아진다.   내년 계획은 알차게 잘 세웠으니, 이제 행동으로 옮기는 일만 남았다. 기대되는 2022년이 되었으면...! 2022년에  여러분이 이루고 싶은 꿈은  무엇인가요? 오늘 쓴 내용의 자료 출처:  <꿈을 이뤄주는 라이프디자인 다이어리 2022>  완죤 디자인이 아저씨스럽다.  타깃 구매층이 비즈니스맨이라서? 그래도 내용이 알차다. ",http://blog.naver.com/PostView.naver?blogId=marsgo&logNo=222606158957&from=search&redirect=Log&widgetTypeCall=true&directAccess=false
5,새해 신년계획 강남 랭스영에서 영어회화 시작해 보아요 : 네이버 블로그,"새해 신년계획 강남 랭스영에서 영어회화 시작해 보아요 새해 신년계획 강남 랭스영에서 영어회화 시작해 보아요 올해는 처음 시작부터 마지막 끝까지 코로나와  함께 꽉 채운 1년이라고 해도 과언이 아닌데요.  작년에 처음 코로나가 시작 되었을 때만해도  이렇게 까지 긴 시간 동안 상황이 지속될지는  몰랐는데 돌이켜 보니 거의 2년이 되었네요.  매일 마다 접하는 소식이 코로나와 관련된  뉴스라서 기쁜일 보다는 어두운 소식이  많았던 한해였지만 그래도 어김없이  희망으로 가득한 한해가 찾아 오겠죠?  한 해를 마무리 하는 시점이면 어김 없이  새해 신년계획 중에 영어회화가 포함되는데  내년에 영어회화를 시작하려고 하는 분들을  위해 강남 영어회화 랭스영에 대해서  이야기를 해보려고 해요.  비록 올해는 신년계획으로 성공하지  못한 영어회화라고 해도 다가오는  새해에는 다시 시작해 보도록 해요.  역삼역 근처에 위치한 강남 영어회화 랭스영은  스터디를 기반으로 하는 영어회화 모임이  진행 되는 공간인데 성인이라면 대학생,  직장인, 주부 등 누구나 참여 할 수 있어요.  영어를 교재나 동영상, 학원 등을 통해서  공부를 해보았지만 말하기를 통한 활용을  해본적이 없는 분들에게 좋은 곳인데  주로 대화를 통한 영어회화를 목적으로  참여 하는 회원들이 많아서 랍니다.  매년 새해 신년계획을 영어회화를  시작 하지만 실패했다가 다시 도전하듯이  여러 방식으로 회화를 해보려고 해도  잘 안되는 분들의 만족도가 높은데요.  앞서 이야기 한것 처럼 말하기와 대화를  통한 살아 있는 영어회화를 스터디에서  연습 할수 있기 때문에 그럴수 밖에 없어요. 강남 영어회화 랭스영에서는  회원 개인 마다의 레벨에 따라 참여 하는 스터디가 다른데 초급, 중급, 심화 레벨로  나뉘어져서 다른 내용과 방식으로 진행되요.  각 스터디는 1회당 2시간으로 구성 되는데  스터디 리더가 미리 제공하는 내용을 가지고  내용 설명과 대화를 주도 하는 방식이에요.  다양한 표현에 대한 설명도 해주고  또 대화를 이끌어가기 위한 질문과  답변에 대한 피드백을 주면서 회원들이  원활하게 대화에 임할 수 있도록  도와 주면서 이끌어 나간답니다.  강남 영어회화 랭스영에서는  소그룹으로 스터디가 진행 되기 때문에  대화를 할때 발화량이 높을수 밖에 없고  또 참여도 또한 높아서 혼자서 공부를  할때와는 사뭇 다른 분위기에서 회화를  연습하기에 좋은 방식이에요.  새해 신년계획으로 영어회화를 시작해보려고  하는 분들 중에서 직장인들도 많은텐데요.  강남 영어회화 랭스영에는 대학생 뿐만  아니라 직장인과 해외로 출국을 준비 하는 회원들, 영어면접이나 업무상에서 영어가  필요한 분들 등 다양한 목적과 목표를  가진 회원들이 많이 있는데요.  그러다 보니 다양한 연령대가 함께 하고  있고 주중 오후와 저녁, 주말 등 여러 시간대에  스터디가 진행 되고 있어 선택의 폭도 넓어요.  단순히 영어를 공부를 하고 싶다면 혼자서도  가능하겠지만 몇일 지나지 않아서 그만 두게  되는 이유가 대화를 할 대상이 없기 때문이죠?  강남 영어회화 랭스영에는 한인 회원들 뿐만  아니라 외국인친구들과 함께 하는 방식의  스터디도 있기 때문에 분위기가 다른데요.  다양한 국가에서 온 외국인친구들과  문화교류도 하고 한글을 알려 주기도 하고  또 영어로 대화를 하면서 서로의 생각과  문화를 공유 하는 시간도 가질 수 있어요.  이게 진짜 영어회화를 연습 하는 목적이라고  할 수 있는데 굳이 멀리 외국을 나가지 않아도  강남 랭스영에서 외국인친구들과 영어회화를  해 볼 수 있는 기회를 쉽게 가질 수 있어요.  아직까지 영어회화가 원활하지 않은  초보 레벨 회원들은 기초 영어 문장을  만들어 말하는 연습 부터 시작 할 수 있고,  중급 레벨에서는 표현력도 익히고 또  회화도 연습 할 수 있게 구성 되어 있고,  앞서 말했듯이 외국인친구들과도  대화하면서 각자의 레벨의 업그레이드  할 수 있어서 동기 부여도 된답니다.  외국인친구들과의 문화교류 방식인  외친소 스터디는 어떻게 진행 되는지 아래 영상으로 잠시 만나 볼까요?  오늘은 새해 신년계획 중 하나라고 할 수 있는  영어회화를 시작하기 좋은 강남 랭스영의  다양한 스터디에 대해 이야기 해보았어요.  매년 도돌이표처럼 시작과 포기를 반복했어도  이번 만큼은 강남 영어회화 랭스영에서 꼭  성공 할 수 있으면 좋겠어요.  1월에 진행 되는 스터디에 대한  더 자세한 내용은 아래 링크에서  확인 하신 후 신청 하세요! ",http://blog.naver.com/PostView.naver?blogId=bryanyoon1&logNo=222607945065&from=search&redirect=Log&widgetTypeCall=true&directAccess=false
6,"독일어 과외 : 그림으로 독일어를 익혀보자 (Vorsätze 신년 결심, 신년 계획) : 네이버 블로그","

안녕하세요 여러분! 오늘은 12월 31일입니다 :) 다들 올 한 해 잘 마무리 하시고 계신가 모르겠어요! 제 올 한 해를 돌이켜 보면 잘 했던 부분도 있고, 조금 부족한 부분도 있지 않았나 싶더라고요 :) 그래서, 신년에는 더 열심히 일하는 나라 쌤이 되어서 돌아오려고 합니다 :) 근데, 신년 결심, 신년 계획 독일어로 뭔지 궁금하지 않으세요? 전에 한번 소개 드렸던 적 있는 것 같은데, 우선 그것 먼저 보고 올까요? :)https://blog.naver.com/nerria/221432948782Vorsätze: 다짐? 결심? 아하! 신년 다짐!안녕하세요 열일 하고 있는 권나라 입니다! ㅋㅋ 1일 1개 포스팅을 넘어서 2개 포스팅이라니. 이 마음 변치...blog.naver.com바로 바로 Vorsätze 입니다 :) 더불어 제 신년 계획도 함께 소개 드립니다 근데, 다들 혹시 이거 눈치 채셨나요? ㅋ기존 포스트 속 새해 결심과 제 새해 결심이 굉장히 비슷하다는 거?사람들이 다 그래요. 결심하는 게 거기서 거기인 듯 싶습니다. 읭? 근데 저게 무슨 뜻인지 잘 몰랐다는 게 들리는 듯 합니다!  그러면 알려 드리지요 :) 후후후 (악당 웃음 소리 같지만, 독일어 가르쳐 줄 수 있어서 신나 웃는 거에요 도망 가지마세용) 자, 그러면 하나씩 살펴 볼까요? (1) Geld sparen : 돈 모으기 이때 자주 보는 실수 중 하나가 Geld sammeln 이었는데! 안 되어요 여러분! 이거 외국 화폐를 수집한다거나 희귀 동전 수집하는 거에요혹시 이렇게 알고 계셨다면 노노! Geld sammeln → Geld ​sparen 으로 고쳐 두기! 아셨죠? (2) abnehmen : 살 빼기진짜 살이 엄청 엄청 엄청 많이 쪘는데 (엄청 x n 번 정도 더 적어야 하는 거 아닌가 싶을 정도로 쪘어요 히잉 ㅠㅜ) 매년 살 빼기를 리스트에 올려 놓고, 못 빼는 이유가 뭘까요?다가오는 호랑이 해에는 호랑이 기운으로 꼭 빼보고 싶습니다아앗! 근데 저 ab 분리 전철 한번 공부해 두시면 재밌어요 (요로코롬 독일어로 빠지는 센스) ab 은 떨어지는, 제거하는 등등의 이미지를 가진 분리 전철이라 ab 을 써서 다양한 동사 확장을 할 수 있는데요 예를 들어, abfahren (기차가 떨어져 나가는 거라) 출발하다 등 abschreiben (어딘가에 쓰여 있던 걸 떼어내서, 내 거에 적는 거라) 베껴적다, 컨닝하다 등 abbauen (짓긴 짓는 건데, 떼어내는 짓기! 바로바로) 철거, 분해, 채굴하다 등재밌지 않나요? 물론, 분리, 제거 등의 의미만 가지고 있는 건 아니라, 다른 쪽으로도 확장이 가능해요! 알아두면 유용한 분리 전철 쵝오 입니다 b (엄지 100 개!)  (3) Fremdsrpachenlernen : 외국어 배우기 원래라면 Fremdsprachen lernen 이렇게 나눠서 쓸 수 있는데한번 합성어로 만들어 봤습니다 여러분! :) 독일어 특징이 레고 블록이고, 그 걸 가장 잘 보여주는 것 중 하나가 합성어라서요 :) (레고 블럭인 이유 : 덧붙이고, 조립해서 새로운 것들을 많이 만들어 낼 수 있거든요) 모든 단어를 다 그러면 저렇게 붙여 쓸 수 있냐? 100% 는 아쉽게도 아닙니다. 하지만 굉장히 x 100 높은 비율로 합성어를 만들 수 있으니여러분들 한번 시험해보세요! 사전에 등재 된 가장 긴 단어는 Rinderkennzeichnungsfleischetikettierungsüberwachungsaufgabenübertragungsgesetz무려 79 개의 알파벳 조합입니다. 여러분, 이건 너무 한 거에요 (다들 이렇게 쓰지는 않아요! 아시죠? 뒷걸음질 치기 없기! 독일어 배워 보기!)소곤 소곤 : 저건 법 제정 될 때 나온 거에요 육류 식품 가공 레벨처럼 소고기 라벨링을 제대로 하는지에 대해서 확인하는 것 관련 법이라고 생각하시면 되어요 약간의 의역을 덧붙였습니다 혹시나 궁금하신 분이 계실까봐 함께 덧붙여 보아요 :) https://de.wikipedia.org/wiki/Rindfleischetikettierungs%C3%BCberwachungsaufgaben%C3%BCbertragungsgesetzRindfleischetikettierungsüberwachungsaufgabenübertragungsgesetz – WikipediaRindfleisch etikettierungs überwachungs aufgaben übertragungs gesetz Basisdaten Titel: Gesetz zur Übertragung der Aufgaben für die ...de.wikipedia.org실제로 저렇게 다 적지는 않고 Wikipedia 에서 말한 것처럼 줄여서 자주 표현한답니다 RflEttÜAÜG쟤네도 사람이라 다 적다가는 손에 힘 빠질까봐 그런 거 같아요 ;b여튼 이런 합성어는 일상 속 굉장히 자주 쓰이는 문법 / 표현 중 하나라 여러분들이 새해에는 꼭 익혀 보셨으면 좋겠어서 한번 슬쩍 넣어 봤습니다.  공부하는 거 재밌죠 여러분? 우리 독린이 여러분들이 새해에는 공부가 취미가 될 수 있도록 저도 더 열심히 노력할 테니까조금 어렵고, 힘들 때가 생겨도 포기하지 말고 우리 열심히 같이 공부해 봐요 :) 그러면 우리 또 재밌는 다른 포스팅으로 만나 뵐게요! 하트, 블로그 이웃 추가, 그리고 인플루언서 팬하기 잊지 말아 주세용! 여러분 그러면 또 만나요! Bis dann! 그리고 Frohes neues Jahr! https://in.naver.com/deutsch[네이버 인플루언서] 나라의 독일어Naras Deutschin.naver.com

",http://blog.naver.com/PostView.naver?blogId=nerria&logNo=222609558136&from=search&redirect=Log&widgetTypeCall=true&directAccess=false
7,2022년 신년계획 세우기 : 네이버 블로그,"2022년 신년계획 세우기  2021년도 이렇게 몇시간을 남기지 않고 있다. 생각해보면 정말 일년 하루하루가 너무 빠르게 흘러 간다. 작년에 정말 많은 생각을 하고 진행했던 것들이 잘 풀리긴 했는데 연말이 좀 우울하니 마음도 좀 더 허전한거 같다. 하지만 신년 계획을 제대로 세워서 내년에는 더욱 멋진 나로 발돋움할 수 있는 내가 되어야겠다. # 부자들의 작은습관 1. 투자에 적극적이다.  - 부자들은 충동적인 소비대신 ""자산승식방법""을 고민하고 투자한다. 2. 회식은 비지니스의 수단일뿐  - 부자는 회식의 목적을 비지니스를 원활하게 진행하기 위한 수단이라고 생각한다. 따라서 짧은 시간에도 밀도 있는 회식을 한다. 3.한단계 높은 수준의 사람을 만난다.  - 부자들은 한단계 높은 수준의 사람을 만날려고 노력한다.  4. 행동하지 않으면 부를 얻을 수 없다 .  - 부자들은 자신이 현재 가장 많이 하는 해동이 부를 성취 가능하게 하는 해동인지 살펴본다. 그리고 현실적으로 판단해서 변화를 도모한다. -하루 365 책중 - 사업가보다는 이제 투자자가 되기 위해 더 신경쓰고 노력해야한다. 장사꾼이 아닌 사업가가 되어야 하고 내가 없어도 내 자산을 늘릴 수 있는 투자자가 되어야 하는 시점이라고 본다. 일년을 이 포커스를 가지고서 열심히 살아가 보련다.  이제는 충분히 그럴만한 시기가 왔다. 운도 나를 따른다. 시즌을 두가지로 나누어서 판단을 한다.  일단 준비하고 있던 것이 상반기 5월까지 진행이 되어지지 않는다면  이것을 과감하게 뒤로 미루고 (내년으로) 그 다음에 대해서 움직여야 한다. 투자자를 찾아서 전략적으로 접근할 수 있는 것들을 좀더 연구하고 생각하고 그것을 기반으로 성공할 수 있는 마케팅적인 것과 부수적인 것들 을 체워나간다. 1. ㅅㅍ 2.ㅎㄸ 3. ㅁㅇ 이 세가지 사업아이템을 세부적으로 나눌 수 있는 것들과 투자자들을 모으는 부분부터  중점적으로 생각해서 큰 틀을 만들어 가고 시작의 원년으로 삼는다 가상자산 1년 유예 결정으로 인하여 반드시 한번이상의 기회는 다시 올것이라 생각한다. 그것에 대해서 더 공부하고 노력해야한다. 일단 확실히 목표를 두고 실패를 반복하지 않도록 노력해야한다. 역사는 반복된다. 사람들은 알면서도 반복된 실수를 거듭한다. 2022년 7월까지 코인및 주식 자산 수익 1억 만들기  1억 만든 자산으로 투자할 곳에 투자하는 선순환 법칙을 만든다. 몸관리는 머 인생을 오래 살고 더 열심히 살아가는 시작이자 기본이다. 작년에 그래도 원하는 몸을 50% 는 만든듯한데 올해는 90%의 성과를 위해서 식스팩을 꼭 만들어봐야겠다. 그리고 더 젊은 나를 위해서 더욱더 신경써서 옷도입고 머리도 하고 잘 바르지 않던 로션이나 선크림도 잘 바르고  지금보다 더 노력하는 나로 시간을 거꾸로 가는 나를 만들어야겠다. 1~3월 : 꾸준히 현재까지 해왔던 운동하기  ( 더 살찌지 않고 관리 하면서 식단및 체지방관리) 4~6월 : 식스팩 만들기  (식단및 운동을 통하여 원하는 몸을 만들기) 7~10월 : 만들어진 몸 관리 (서핑과 운동을 통해서 꾸준히 만들어진 몸 관리) 11~12월 : 체지방관리 잘하면서 운동  유튜브는 이제 메타버스처럼 누구나 하나쯤은 해야하는 그런 공간이 되었다. 이제 검색이 단순히 네이버 같은 일차원적인 텍스로 관련된 정보에서 이제 동적인 검색체인 유튜브로 옮겨간 것도  작년부터 그리고 재작년부터도 알고 있던 부분이다. 남들이 이제 다하나쯤은 하는 그런것에서 더이상 도퇴되지 않고 이제 진짜 생각했던 것을 만들어 해볼 시기가 맞다. 딱 1년만 일단 열심히 해보자~ !!  실버버튼을 2022년 목표로 세우고 가보자 내가 생각하는 컨텐츠로 그렇게 만든 사람이 있으니 나도 못할 것이 없다. 나는 할 수 있다. 이제 2022년 오면 이 목표를 자꾸 열어보면서 달려나가봐야겠다. 내년에는 올해와 다른 투자자와 더 멋지게 성장하는 나를 기다리고 그린다. 반드시 할 수 있다고 믿고 행동하면 이루어진다.  그것은 모든 성공한 사람들이 말하면 실천한 것이다. 나는 늘 할 수 있다. 지금부터 ~ ",http://blog.naver.com/PostView.naver?blogId=lupangneo&logNo=222609508812&from=search&redirect=Log&widgetTypeCall=true&directAccess=false
8,2022년 신년 계획 : 네이버 블로그,"2022년 신년 계획 그래서 2022 컨셉은 Simplity입니다.  몸과 마음을 가볍게, 방향성을 가다듬는 한해로 만들어보려고 합니다. 새로운 학습 다시 다독 ",http://blog.naver.com/PostView.naver?blogId=kkhwcsc&logNo=222607515183&from=search&redirect=Log&widgetTypeCall=true&directAccess=false
9,코로나19 속 신년계획 세우기 : 네이버 블로그,"코로나19 속 신년계획 세우기 새해가 되기 전( 즉 2021년 12월 )에 꼭 하고자 하는 것이 있었으니.. 바로 가족연말워크숍이다. 8명이나 되는 사람들이 한집에 살고 있으니 참 재밌기도 했고, 어려운 점도 많았다. 그래서 생각했던 것이 가족 워크숍. 회사에서도 팀의 사기를 증진시키기 위해, 친목을 도모하기 위해, 아이디어를 나누기 위해 워크숍을 진행하지 않는가. 우리도 그런 무언가 필요하다는 생각이 절실하게 들었다. 12월 중순쯤 8인가족을 수용할 수 있는 숙소를 알아보면서, 드디어 우리에게도 때가 왔구나! 하고 기뻐했는데, 그것도 잠시- 위드코로나 이후 확진자가 급격하게 늘어나면서 12월 18일부로 거리두기 지침이 4단계에 준하는 정도로 강화되었다. 비수도권의 경우 8인까지 사적모임이 가능했다면 이제는 수도권/비수도권 모두 4인으로 모임인원이 제한되었다. 일주일동안 5천~7천명의 확진자가 쏟아졌으니 그럴만도 하다. 사실 거리두기 강화 전에는 나름 괜찮았다. 코로나와 함께한지도 어느덧 2년이 넘었으니 어딜 가도 불편한 것은 익숙하니까. 늘 그랬듯 마스크 쓰고 카페 가고, 식당 가면 된다. 근데! 위드코로나가 중단되고 방역패스(백신패스)가 의무화되면서 백신 미접종자인 나는 갈 길을 잃었다.  정부 지침상 접종 미완료자는 식당/카페 이용시 1인 단독이용(같이 들어가도 혼밥을 해야된다는 거다)을 하거나,  PCR 음성확인서가 있다면 사적 모임이 가능하다. 현실은 어떠할까? 생각하는 것 이상으로 씁쓸하다. 카페에 가도 단독이용조차 불가능하다. 즉, 백신패스가 없는 사람은 집구석에나 처박혀 있으라는 말씀이다. ""저는 백신을 안맞았는데요."" ""아.. 죄송해요, 그럼 이용하실 수 없으세요."" 또르르. 그런 날들이 이어졌다. 그리고 우리의 가족연말워크숍은 계속 미뤄졌다. 집에 있으면 할 일이 꽤나 많고 -이를테면 청소, 설거지, 매끼 밥해먹기라던가.. 게르 공사, 축사 청소와 같은 바깥일- 방해요소가 많기 때문에 도통 집중이 안된다. 그래서 숙소를 잡으려고 했던 것이지. 그러면서 매일 입버릇처럼 말했다. ""아~ 우리 가족 워크숍 해야되는데~"" 12월 31일, 새해를 앞둔 우리는 거실에 모여 만두를 잔뜩 만든 뒤, 티비를 보고 있었다. 그 틈을 타 만다라트 양식을 만들었고, 프린트까지 끝낸 뒤에야 티비를 끄고 이야기했다. 만다라트 양식이 필요하다면 아래 포스팅을 참고! ""이제 가족 워크숍 시작이야!"" 말이 워크숍이지 사실은 모두 함께 신년계획 세우는 시간이랄까. 내가 생각했던 워크숍은 텐텐(최근에 알게된 게임)도 하고, 각자 얼마씩 걷어서 단톡에서 뿌리기도 하는 그런 꿀잼의 시간이었는데. 아무튼 우리는 8시부터 시작해서 12시가 되어서야 각자의 방으로 돌아갈 수 있었다. 간만에 안하던 계획 세우려니 어찌나 힘들던지! 할머니는 일찍 주무셔서 불참이었고, 박건영은 게임 하느라 역시 불참이었다. - 만다라트 양식으로 개인별 신년계획 세우기 이렇게 모여서 계획을 세웠다. 해보니 목표를 최대한 구체적으로 설정해야 세부계획을 세우는 게 수월한 거 같다. 독서 > 한달에 5권 > 가드닝1권 / 사회이슈1권 / 경영1권.... 독서리뷰 작성 / 독서모임 갖기 등. 이건 몇 번 더 해봐야 알 수 있을듯. 우리는 2022를 주제로 큰 목표를 설정했는데, 매월 해도 좋겠다는 생각이 들었다. 하영 / 영록 / 병진의 만다라트 계획 한빈 / 경덕 /지영의 만다라트 계획 각자 만다라트를 사진찍어 티비에 미러링 시켜서 발표를 했고, 비슷하거나 겹치는 부분은 함께 하는 시간을 가져보자고 이야기했다.  요가, 독서 등등! 이후는 가족전체를 위한 회의시간! 이야기하고 싶은 주제를 모두 던진 뒤 종합하여 이야기를 나눴다. 1. 가족회의 시간 설정: 매주 일요일 저녁식사 이후 2. 염소: 앞으로는 엄마/아빠가 맡아서 관리하기. 우리는 도움주는 정도로만! 관련해서 해야할 일은 아래와 같다. 진짜 해야할 일이라 쥐어짜 고민할 필요도 없이 말이 술술 나온다. - 관리사 필요 - 염소 축사 아래 닭장 설치 (완전 대박 유기순환적) - 주 1회 물통청소, 축사청소(칸칸이 똥, 짚 청소) (월요일) - 똥 치우기 (1월 중) - 염소 데이터화 시켜서 관리 (개체수, 유통, 가격 등) - 울타리 추가설치 - 2라인 물통 보수 - 분만사 만들기 - 염소목장 비전 세우기 - 동물복지/유기축산 농장 인증? 3. 창고 만들기: 원래 창고로 사용하던 건물을 공유공간으로 사용하자는 의견을 낸지도 1년이 넘었기에, 튼튼한 비닐을 사용하여 축사 옆에 창고를 새로 짓기로 했다. 축사에 있는 물건들, 집 앞에 어질러진 물건들, 창고와 컨테이너에 있는 물건들 모두 새 창고로 옮길 것! 글쎄, 언제 만들 수 있을지는 아직 잘 모르겠다. 4. 공유공간: 지금 창고로 사용하는 건물. 봄에 카페를 열겠다며 대청소를 한바탕 했는데, 마땅한 창고가 없으니 결국 모든 물건은 창고로 돌아왔다.  공유공간이 생기면 우리 가족을 위해, 민박 손님들을 위해 유용하게 쓰이리라 생각된다. 이후 활용도는 말할 것도 없지! 개인적으로는 작업실 겸 책방, 공방, 소품샵이 되었음 한다. 그리고 이 공간만큼은 반려동물 출입이 가능했으면...! 근데 한빈오빠는 동물은 마당에서 키우고 내부로는 출입을 금지시켰음 좋겠다고 말했다. (T T) 아마 각자 가진 돈을 n만큼 투자해서 빠르면 올 봄부터 리모델링을 할 수 있지 않을까 싶다. 공사 시작 전에 내외부 공사에 필요한 자료들을 모으는 것이 또 하나의 목표! 5. 집청소: 청소는 늘 문제가 되는 이슈. 어지럽히는 사람은 바로 나, 치우는 사람은 ~~~. 월수금 돌아가며 분리수거 하고, 화장실청소 하고, 거실청소 하자는 이야기가 나왔다. 분리배출을 철저히 할 수 있도록 시스템 만들기! 맘 같아서는 쓰레기좀 덜 만들었음 하는데, 나 혼자 사는 것이 아니다보니 이 부분에 대해서는 더 말해봤자다 (...) - 일반쓰레기를 2가지로 나누기 (휴지,종이 등 태울 수 있는 것 -> 바로 소각 / 태울 수 없는 것 -> 배출) - 비닐류 (작은 과자봉지조차 비닐로 분류하기) - 비닐 외 재활용 (플라스틱 / 캔류 / 유리류 등) 6. 비영리단체 예농인들? 7. 영이네정원 8. 2022 농사 9. 법인설립 등 할 이야기가 더 남았는데 이미 12시가 넘어서 다음 회의 때 추가적으로 나누기로 했다. 머릿속에 있는 것들을 끄집어내서 정리할 필요가 있었는데 이렇게라도 다 함께 얘기해보니 참 좋았다. 2022년은 좀 기대해도 될까? 2021년을 보내며 찍는 마지막 selfie🐋 12월 31일부로 하던 일이 종료되어 백수가 되었는데!!!!!!! 올 한해는 '나를 위한 시간'을 보다 많이 갖고 싶다. 원하는 공부도 하고, 그간 하지 못했던 기록도 하고 말이지. 그니까, 각 분야별로 뭘 어떻게 할 것인지 조금 더 구체적으로 계획을 세워야 할 거 같다. 우선 1,2월은 슬기로운 백수생활을 즐기고 싶고- 가족들과 함께 지내며 바뀐 생각들을 천천히 글로 쓰고 싶다. 그간의 생각 정리하려면 365일로도 모자를텐데 어쩌나. https://brunch.co.kr/@hayounglife 그래서! 브런치를 열심히 이용하겠다 다짐했다. 플랫폼을 두개나 갖고 있으면 관리가 좀 힘들기야 하겠지만, 블로그는 블로그대로 브런치는 브런치대로 잘 활용해봐야겠다. 브런치 작가가 된 건 2020년 봄이었다. 호주에 갔다가 한국에 돌아와서 브런치 작가로 활동하는 닉의 친구 Joo와 만남을 가졌었다. 작가 되는 게 딱히 어렵지는 않다는 그의 말에 용기를 얻어 호주에서 썼던 글로 작가신청을 했는데 한번에 합격했다. 기분은 좋았으나 당시 이런저런 이유로 글쓰기 자체가 너무 힘들게 느껴져서 사용을 잘 안했다. 어때, 올해부터는 잔뜩 쌓인 이야기보따리좀 풀어볼까? 그리고 내 글을 읽는 친구들아 새해 복 많이 받아! 이웃 여러분들도 새해 복 많이 받으세요 :D 이건 오늘 만든 김치만두. 연말에 만두 빚는 건 우리가족의 전통이랄까. 12/31 새로 태어난 newborn baby goat! 안뇽! 지난 기록들, 블로그엔 없지만 인스타엔 있지! https://www.instagram.com/hayoung_life/ ",http://blog.naver.com/PostView.naver?blogId=p_hayoung&logNo=222613545736&from=search&redirect=Log&widgetTypeCall=true&directAccess=false
10,"신년 계획 관리하고 갓생 살기, 아이폰 어플 추천 - Check! Planning Partner : 네이버 블로그","신년 계획 관리하고 갓생 살기, 아이폰 어플 추천 - Check! Planning Partner Check! Planning Partner 출처 : Nikelodeon 신년이 되면 많은 사람들이 새해 목표를 세운다 하지만 시간이 지나면 흐지부지 해지기 마련 내가 세운 목표를 잊지 않고 매일 잊지 않고 꾸준히 실행하기 위해서 가장 중요한 것은 바로 기록을 통한 목표 관리 하루하루 나의 실천과 노력을 기록하고 진행율과 실행 관리를 통해 성취감을 얻는 것이 목표 달성을 위한 최고의 동기부여 평소에 즐겨 사용하던  목표/계획 관리 어플 이 있어 신년 맞이  갓생살기 를 위해 추천해보고자 한다 출처 : 출판사 미래의창 너무 자주 뵈어서 길에서 마주치면 나도 모르게 인사드릴 것만 같은.. 한국 트렌드리딩의 대부(?) 김난도교수님 연말연초가 되면 서점에 트렌드코리아가 깔려서 종종 구매하기도 하고 서문이나 목차만 읽기도 하는데 2022년 올해 나온 키워드 중 공감 갔던 것이 바로 바른 생활 루틴이 Routinize yourself 친구들 만나면 부동산, 주식, 코인 이야기에 코로나19로 2년 째 뒤숭숭한 일상 재택이다 9시 통금이다 개인 시간은 늘어나지만 왜인지 미래 불확실성이 높아지고 내 일상은 점점 희미해져가는 느낌이다 루즈해지는 일상과 불안한 미래에 대한 스트레스를 규칙적인 생활을 통한 자기관리로 다스리며 삶의 만족도와 성취감을 높이는 사람이 바로 바른 생활 루틴이 내 주위만 봐도 10분 5분을 쪼개가며 계획한 목표 달성을 위해 부지런히 꾸준히 성실하게 자기관리를 하는 친구들이 많아졌다 신년 목표/계획 관리 - Check! 어플 추천 아름다운 구속..(?) Check! Planning Partner 내 나름의 루틴을 지속시켜주는 4년째 사용 중인 목표 관리 어플  'Check!' 깔끔한 인터페이스와 단순한 구성으로 매일 사용해도 크게 번거롭지 않은 게 장점 나는 주로  식단과 운동 기록용 으로 사용 중이다 Check! 어플 구성과 사용법 세상 간단하지만 자세한 기록도 가능! Check! 어플 기본 페이지 어플을 가동하면 내가 설정해둔 목표 목록이 뜬다 우측 상단 '+' 아이콘을 누르면 새로운 항목을 추가할 수 있다 톡톡 한 번이면 입력 가능 목록을 누르면 이렇게 캘린더가 뜨는데, 각 목표 달성 여부를 매일 O / X 체크하는 식.  날짜칸에 두 번 터치하면 값이 입력되고 또 두 번 터치하면 수정된다 탭탭하면 끝이라 매우 직관적이고 간단함! 하단 통계 은근 유용하다 메모도 일상조각 아카이빙에 큰 도움이 된다 내가 원하는 컬러로 지정하기 새로운 목표를 위한 캘린더를 생성할 때 서로 다른 컬러 지정을 통해 구분 관리가 가능하다 목표 달성 여부는  총 4개 방식으로 체크가 가능 하다 1단계 : 달력에 체크만 하기 2단계 : 달성/미달성 두 가지로 O,X 3단계 : 달성/미달성 그리고 세모 5단계 : 매우달성 달성 보통 약간미달성 미달성(?) 단순히 달성/미달성이 아니라 세부적으로 목표 달성 관리를 할 수 있어 좋다 물론 매일 세운 목표를 100% 완수하면 좋겠지만, 시작은 했으지만 미완수한.. 그런 아쉬운 경우 그래도 X를 주기엔 내 노력이 아쉬우니까.. 예) 매일 목표 : 매일 물 다섯잔 마시기 물 3잔 마신 경우 세모 스티커 붙여주기 😇   메인페이지 옆에는 내 목표를 한 눈에 볼 수 있는 써머리 메뉴 와 전체 목표에 대한 통계 메뉴 가 있어서 내 모든 목표를 얼마나 잘 달성하고 있는지 종합성적표  같은 개념으로 확인 할 수 있다 Check! 어플, 효과는? 그 효과는 엄청났다..! 슬라이드를 넘겨주세요 내가 이 어플을 처음 시작한 18년 9월 월 매일 운동 달성률은  36%  였는데 약 3년이 지난 21년 4월에는  86% 를 달성했다 매일 내 목표를 기록한다는 것이 별 거 아닌 일 같지만 꽤 동기부여가 되기 때문에 하루가 지나기 전 꼭 실행하고 싶어지게 된다 이렇게 그날 운동량과 방법을 기록할 수 있어 시간이 지나고 확인할 수 있는 점도 좋다 Check! 어플과 함께라면 나도 오늘부터 바른생활 루틴이 🖤 출처 : tvN 내가 정말 좋아하는 이동진 평론가님의 말 하루하루는 성실하게 인생 전체는 되는대로 자연과학에 나오는 프랙탈이란 개념처럼 나의 매일이 모여 내 인생을 만든다 좀 더 나은 나, 좀 더 행복한 나를 위해 작은 목표와 계획일지라도 오늘부터 시작해보자 New year, New me! ",http://blog.naver.com/PostView.naver?blogId=xoxox_&logNo=222613063480&from=search&redirect=Log&widgetTypeCall=true&directAccess=false
11,"22년 신년 계획, 행크에듀 부자되는세상님의 재테크 기초반 수강후기! : 네이버 블로그","22년 신년 계획, 행크에듀 부자되는세상님의 재테크 기초반 수강후기! 안녕하세요!  🐢거북이재테크 림하입니다! 새해를 맞아 다들 신년계획 세웠을텐데요! ✔️22년 저의  소소한 계획 은 가족 여행, 헬스장 등록하기, 아침 6시 일어나기, 블로그&유튜브 주1회 업로드하기 ✔️22년  큼직한 계획 은 이직하기, QQQ 20주 만들기,  그리고 부동산 매수 1개 이 중 가장 어려울 것 같은 계획은 부동산 매수죠..! 작년에 부동산 경매 공부도 하고, 임장도 갔지만 아직 모아둔 시드가 부족하다는걸 많이 느꼈습니다. 22년 4월쯤 청년내일채움공제가 끝나면 모아둔 돈과 청내공 돈 일부를 투자할 예정입니다. 이렇게 블로그에 적어두면  이루기위해 더 노력하지 않을까요?!🤣 돈을 모으는 기간동안 공부하는게 정말 중요하다고 생각했어요! 작년에 공부한 부동산 경매도 벌써 잊혀진 내용들이  많더라구요😭 (크롸잉 크롸잉) 그래서  행크에듀 에  부자되는세상님  재테크 기초반 강의 를 신청했어요! (내돈내산) 행크에듀, 재테크 기초반 후기 이미  부세님 에 대해 알고계시는 분들도 계실텐데요. 20대 중반에 투자를 시작해  30억 자산가 가 된  분입니다! 유튜브에 무료 강의랑 인터뷰 영상들도 많이 올라와서 관심 있는 분들은 영상 참고하셔도 좋을 것 같아요 : ) 재테크 기초반 커리큘럼 강의를 빨리 듣고싶어서 교재 도착하기도 전에 1주차 강의를 들었어요ㅎㅎ 1주차 강의의 경우  지식보다는 마인드에 관한 내용이라서 교재가 없어도 충분히 들을 수 있었습니다. 총 4주차 커리큘럼이구요. 저는 하루 2강씩 들은 뒤,  추가로 공부하고 싶은 내용이 있을 경우  반복해서 들을 예정이예요! 1/4(화) 교재가 도착했는데요,  교재는 강의 내용에 있는 ppt화면과 동일하고 수정된 내용은  행크 카페 에 업로드 된다 합니다! 강의를 들으때마다 느끼는 거지만 과제를 하고, 스스로 물건을 찾는 등 결국 내 힘으로 하나씩 헤쳐나가는게 중요하더라구요. 이번 강의도 열심히 과제해봐야겠습니다!! 부자되는세상 재테크 기초반 신청 이유 1) 부세님을 만나고 싶었어요!  어떤 마인드와 방법으로 30억 자산가가 되었는지 궁금했고 저도 정말정말 배우고 싶었어요! (온라인이지만) 강의를 통해 만날 수 있었고 2) 시드를 모으는 동안 공부는 필수 💪 근로소득 뿐만 아니라  공모주, 애드포스트, 주식, 주말 아르바이트를 통해 시드를 모으고 있는데요.  아무래도 시드가 귀여운 금액이다 보니, 수익도 귀여웠습니다..ㅎㅎ 그래서 이 기간에는 자산을 불리는 상상을 하면서 어떻게 불려가야할지 공부하는 시간이라고 생각했어요! 3) 나에게 맞는 투자가 궁금했어요! 부자되는 세상님의 재테크 기초 강의의 경우 부동산 경매 뿐만 아니라, 분양권, 공매, 저평가 물건 찾기 등등 과정이 있었는데요.  어떤 분야가 저와 잘 맞을지 고민이 되었고, 얕지만 어떤 분야인지 알고있으면 선택에 도움이 될 것 같았어요! 이웃님들의 22년 목표도 궁금하네요!! 다들 열심히 블로그 업로드 해주고 계셔서 항상 배우고 있습니다! 매번 소통해주시고, 응원해주셔서 감사합니다~! 22년 새해복 많이 받으시고, 목표로 하는 일들 함께 이뤄보아요!🙏🏻 ",http://blog.naver.com/PostView.naver?blogId=caryy2200&logNo=222613009870&from=search&redirect=Log&widgetTypeCall=true&directAccess=false
12,2022년 임인년 검은호랑이해🐯 직장인 신년계획 + 결혼준비 : 네이버 블로그,"2022년 임인년 검은호랑이해🐯 직장인 신년계획 + 결혼준비 2022년 맞이 새글을 어떻게 쓸까 고민하다 마침 망고보드에서 신년 달력 템플릿을 다운받았는데, 무료회원이다보니 10슬라이드가 최대라 우리 결혼식이있는 9월까지밖에 받을수가 없었다 ㅎㅎㅎㅎ 2022년 임인년은 호랑이해라고 하네용 🐯 육십간지 중 39번째로 임이 흑색, 인은 호랑이를 의미하는 검은 호랑이의 해 라고 네이버가 알려줬다. 올해 쉬는날은 얼마나있는지 알아버자 2022년 공휴일 2022년 1월 1월1일 토요일 : 신정 1월20일 목요일 : 드레스투어 👉14:00 레이첼 👉16:00 더케네스블랑 드레스투어를 하며 최종 드레스샵을 선택하게 된다. 샵마다 당일지정혜택이 있으니 잘 비교해보고 골라야지😊 1월에는 다이렉트결혼준비 블로그서포터즈 로도 활동하게 되어 일 방문자수 500명 유지를 위해 블로그 관리도 더욱 열심히해야하고 포인트 300만점 모아 졸업하고싶당~~😆 2022년 2월 1월31일 - 2월2일 월, 화, 수 : 설날 2월14일 일요일 : 제주스냅 아직도 한참 남았을 것 같았던 제주스냅이 이제 곧 한달 가까이로 다가왔다. 준비만 했었는데 이제 진짜 실전이라는게 겁나기도 하고... 그래도 나혼자가 아니라 홍이도 함께라는생각에 기대가 많이된다...! 2월중에 아마도 드레스투어로 고른 샵과 남자친구 예복집에서 촬영복 대여를 하게 될 것 같다. 2022년 3월 3월1일 화요일 : 삼일절 3월8일 화요일 : 바시움 리허설촬영 3월9일 수요일 : 제20대 대통령선거 스튜디오촬영은 체력소모가 엄청나다고 한다!! 그래서 일부러 3월9일 대통령선거전날로 빠르게 찜해놨지 😆 2022년 4월 아쉽지만 공휴일이 없다 ㅠㅠㅠ 결혼준비 중 이벤트도  특별히 정해진건 없다! 2022년 5월 5월5일 어린이날 : 목요일 5월8일 부처님오신날 : 일요일 어린이날 쉴텐데용... 망고보드에서 누락했나보다 ㅋㅋㅋㅋ 2022년 6월 6월1일 수요일 : 제8회 지방선거 6월26일 일요일 : 홍이생일 6월30일 목요일 : 뽀요이생일 6월의 마지막주는 파티주가 되겠군요 ㅎㅎ 2022년 7월 공휴일은 없습니다😔 7월엔 신혼집에 살고있는 세입자가 계약만료로 나가기 때문에 이때부터 리모델링을 계획해야할 시기 2022년 8월 8월15일 월요일 : 광복절 결혼식 한달전이니 혼주한복이나 청첩장모임, 마지막 점검 등등 조그맣게 챙겨야 할 일이 많을 것 같다 2022년 9월 9월3일 토요일 : 6주년기념일 & 결혼식 올해 가장 큰 이벤트 이날을 위해 1월부터8월까지 열심히 준비하게 되는데 9월3일까지 무사히 별탈없이 마무리되길 바라는게 가장 큰 새해소망🧧 올해는 재태크공부좀 해볼까한다. 유료강의도 듣고, 도서관에서 책도 빌려보고, 유튜브로 매일 짤막하게 정리해주는 주식영상같은것도 구독하고 스마트스토어 상품등록은 계속되고 블로그 체험단과 후기작성도 열심히!! 당장 내일 1월2일부터 듣게될 4주 강의...ㅎㅎㅎ 내가 잘할수있을지모르겠지만 15만원이나되는 돈들여 수강하니 도움이 되리라🏒🏒🏒 지난번 들었던 소액투자강의에서도 알아두면 좋은 내용이 많았기 때문에 이번에도 좋은 강의 기대하며! +  한달 60만원살기  지난 1년동안은 90만원으로 살았지만 다시 조여매서 60만원으로 살기 도전한다! 2022공모주청약 도전하기 소액투자 강의에서 알게되었는데 1년에 100만원 이상은 벌수있을것같아 열심히 공부하고 실천해보려한다 2022년 공모주 일정 내가 구독하는 유튜버는 기릿의 주식노트 주린이를위해 너무 복잡하지않고 짧은시간의영상으로 집중도를 높여주는 채널이다 집에있는 미러리스 카메라 데려간다 ㅎㅎ 체험단사이트보다보면 사진기자단모집글도 종종 보이는데 매장사진 300~500장 찍어주고 6만원지급해주는 그런활동이 있어 카메라 공부도 하고 주말이나 평일 저녁에 소소한 알바활동도 할 수 있다면 가계에 보탬이 될 것 같아서!!   소니 미러리스  A6000 2014년에 엄마아빠가 한창 사진배우러다니시며 마련한 카메라인데 초보 ~ 중급자용으로 사용하기 좋은모델인것같다. 2022년 특히 상반기 바쁜한해가되겠지만 그만큼 지나고나면 기록도많이 남고 추억거리가 쌓여 의미있는 한해일것 같다🧡 #2022년 #신년계획 #직장인신년계획 #임인년계획 #결혼준비 #검은호랑이해 #새해인사 #새해계획 #22년호랑이해 #올해공휴일 #올해쉬는날 #2022년공휴일 #2022공모주 #공모주일정 ",http://blog.naver.com/PostView.naver?blogId=minimini630&logNo=222610238202&from=search&redirect=Log&widgetTypeCall=true&directAccess=false
13,[프로젝트 관리 템플릿 무료 나눔] 2022년 신년 계획을 위한 PPT 포멧을 만들어 보았습니다 : 네이버 블로그,[공지] [프로젝트 관리 템플릿 무료 나눔] 2022년 신년 계획을 위한 PPT 포멧을 만들어 보았습니다 ,http://blog.naver.com/PostView.naver?blogId=hello_chung&logNo=222605640567&from=search&redirect=Log&widgetTypeCall=true&directAccess=false
14,"신년 계획, 꼭 이루고 싶을 때 필요한 한 가지 팁 : 네이버 블로그",https://blog.naver.com/varkiry05/222605479872 https://blog.naver.com/varkiry05/222394940051 ,http://blog.naver.com/PostView.naver?blogId=varkiry05&logNo=222611441067&from=search&redirect=Log&widgetTypeCall=true&directAccess=false
15,"<잡부의 성장타이쿤> #2 신년계획 세우기, 프로 과몰입러가 될테요 : 네이버 블로그","신년계획 세우기, 프로 과몰입러가 될테요 스스로에게 과몰입 하는 2022년을 만들자! 2022년이라니. 마치 미래세계를 보는 듯 아직은 조금 낯선 숫자이지만, 새로운 한해가 밝았다. 주인장도 드디어 30대에 입성 ;) 숫자 2를 좋아해서 그런가 왠지 더 느낌이 좋은 한해다. 마침 삼재도 끝났고요? 흔히들 그렇듯 매년 두루뭉실한 신년계획을 세워보곤 했다. 돌이켜보면 매년 지켜진 것들이 꽤 있어서 신기하기도 하지만, 반면 몇해에 걸쳐 지키지 못한 약속들이 있었으니... © schwarzeweissheitenfotografie, 출처 Unsplash 고백한다. 코로나 이후로 나는 다이어트를 제대로 시도조차 한적이 없는 아가리 다이어터다. 오히려 중간에 밥 3공기 먹는 친구와 연애를 하게 되면서 함께 넉넉히 먹고다니니 점점 더 행복한 꿀꿀이가 되어가고 있었다.  (아이러니 하게도 만났던 친구는 마른체질이라 같이먹고 살은 나만쪘다. 억울하지만 즐겁게 먹었으니 그걸로 됐다ㅎ..) 뿐만 아니라, 나는 이미 5년전부터 신년마다 유튜브 시작하겠다고 떠들고 다녔던 아가리 유튜버이기도 하다. 5년 전 마음먹고 시작했으면 이미 고인물 유튜버쯤은 됐을텐데 직장인이라 바쁘고 매번 영상찍는게 낯설다는 이유로 미루고 미루고 미루다 5년이 지난 지금도 시작하지 못했다. © jannerboy62, 출처 Unsplash 왜 유독 위 두가지 사항이 실천되지 못했는지 궁극적인 이유를 생각해봤다.  두가지의 공통점은 모두 '장기플랜' 이라는 것이다.  솔직히 확실한 동기부여가 없었던게 한몫 했던 것 같다. 둘다 품이 많이드는대비  스스로 내면에서 '진심으로' 꼭 해야할 이유를 느끼지 못한 것 이다. 살이쪄서 속상하긴 하지만, 타인이 어떻게 생각하든 관심이 없는 성격이라 스스로 딱히 불편함을 느끼는게 없었다. 한번 30kg 이상 감량해봐서 그런지 언젠가 맘먹고 빼면 된다는 생각이 강했기도 했다. 유튜브도 처음엔 마케터로써 현재 가장 영향력있는 SNS채널에서 도태되지 않기 위해 시작하고 싶었던거고, E성향이기에 내가 지속적으로 할 수 있는 컨텐츠를 만들어서 블로그처럼 사람들과 소통하면 재밌겠다는 생각에 하려고 했던 것 같다. 그런데  올해는 꼭 두가지 목표를 컴플리트 하고싶다는 욕심이 생겼다.  일단  늘 신년목표에 자리잡고 있는 두가지가 이제는 좀 사라지고 내년엔 다른 새로운 목표들에 집중하고 싶다는 생각이 들었기 때문 이다. 다이어트에 대한 동기부여는 한번쯤 진짜 건강하고 매력적인 바디를 만들어보고 싶다는 생각을 했는데 그게 딱 올해였으면 좋겠다는 마음이 생겨 충분히 해낼 수 있을 것 같고, 유튜브도 이러다간 해보기도 전에 다음세대의 새로운 채널로 넘어가게 될 것 같아서 한번 도전해보자는 생각이 들었다. © olianayda, 출처 Unsplash 그래서 생각한 올해의 테마가 바로  '스스로에게 과몰입하기'  이다.  2022년의 목표들을 이야기 해보면 큰 틀에서 이정도의 목표들을 정했다. 모두 나 자신의 영혼과 시간에게 과몰입해야 달성할 수 있는 목표라는 생각이 들어서 주제를 그렇게 정해보았다 ;) 하지만 목표들을 정해놓기만 해서는 내년 이시간에 또다시 같은 목표들을 다짐하고 있을 수도 있는데  그런 시나리오는 절대 바라지 않아!!!!!! 그리하여  매월 1일 월간타이쿤 포스팅을 작성 해 달성을 위한 진척이 되고있는지 점검하고 공유하는 시간을 가져보려 한다. 아직 유튜브 컨텐츠를 정하지는 못했는데,  꾸준히 업로드 할 수 있는 것  에 포인트를 두고 시작을 하는게 중요할 것 같다. 이걸 다 이루려면 정말 24시간이 모자란 한해를 보내게 될 것 같은데,  시간은 물리적 영역이기에 목표를 이루기 위해서는 세부적인 계획이 중요하다.  노션에 각 목표별 카테고리를 만들어놓고 월별/주간 플랜을 기획하고 있는 중이다. 벌써 1월이 3일이나 지났다! 2월 1일에는 어느 정도 진척된 월간타이쿤 소식을 전할 수 있길 바라며....💜 함께 읽으면 좋은 글 ",http://blog.naver.com/PostView.naver?blogId=drinkam&logNo=222612099036&from=search&redirect=Log&widgetTypeCall=true&directAccess=false
16,2022 햅삐햅삐 뉴이어! (+신년계획) : 네이버 블로그,"2022 햅삐햅삐 뉴이어! (+신년계획) 크하핫! 벌써 2022 which means.... i am 28...🙄 세월이 빠르게 지나간다는 걸 실감한다. 입사 1년차도 좀 어벙벙했는데 아니 벌써 슴여덟이라니... Oh my gosh..🤭 마음만은 아직 이십대 초반같당. 1/1일인데 해돋이도 안보고 운동도 안하고 공부도 뭐 시원찮게 1시간 반 정도 했다 크크 근데 오래달릴려면 준비를 잘해야하니까 그런고로 오늘은 2022, 신년 계획에 대한  뽜이띵 넘치는 포스팅을 해보려고 한다!🔥 일단 AS I SAID EARLIER... 내 삶은 네 개의 카테고리로 굴러간다고 가정  이렇게 네 가지로 나누겠다. 에 초점을 맞춘 한해로  계획하려고 보고 있다. 2021년은 돌아보니 단연 '취미'가 메인이었다. 하지만, 2022는 서른이 얼마 안남은 관계로 일단 자기개발에 좀 더 몰두할 예정이다.😉 아래 표는 일단 메인 계획만 수록할 예정. 나는 ENFP  MBTI 노답 3대장 중의 대장을 맡고 있지.😎 그래서 그런지 항상 계획대로 흘러가진 않았다. 물론 월단위 계획을 세워도 어그러질 건 알고 있지만 그래도 사람은 포기하면 안돼.😎 그러니까 스근하게 분기 단위의 계획을 공유해보도록 하겠다. 물론 좀 간단 명료하게 ㅎㅎ 2022 연말에 이걸 보고 뿌듯하게 웃을 수 있으면 좋겠다  내 쟉은데 큰 소망..😊😊 공부: CPA 과목들 기본 및 객관식 강의 끝내기 (경영 제외)           (객관식 회계, 재무관리 기본, 재무관리 컴팩트, 객관식 재무관리)           CPA 과목들 각 과목 2회독 이상           매경테스트 (1/8) - 최우수 등급           TESAT (1/15) - S등급           김정환 금융논술 ZOOM  강의 듣기 운동: 2월 바프 2개 끝내기 (커플, 개인)          새로운 운동 도전 (IF 부산대, 플라잉요가)          4일주기 2일 이상 40분 이상 운동          등산 1회 취미: 수채화 1달 1그림  재정: 식비 10만원 이하 도전(외식-한달기준) 공부: CPA 과목들 각 과목 누적 5회독 이상            기술신용평가사 3급 취득 운동: 플라잉요가          4일주기 2일 이상 40분 이상 운동          등산 1회 취미: 수채화 1달 1그림 재정: 식비 10만원 이하 도전(외식-한달기준) (변경가능) 공부: CPA 과목들 각 과목 누적 7회독 이상 운동: 플라잉요가          4일주기 2일 이상 40분 이상 운동          등산 1회 취미: 수채화 1달 1그림 재정: 식비 10만원 이하 도전(외식-한달기준) (변경가능) 운동: 플라잉요가          4일주기 2일 이상 40분 이상 운동          등산 1회 취미: 수채화 1달 1그림 재정: 식비 10만원 이하 도전(외식-한달기준) 아직까지 투명하게 뭔가 그려지지 않는데 일단 뭐 자격증 하나하나 하다보면 답이 나오지 않을까..  원래 호흡이 긴 공부는 힘든 법.. 할 수 있는데까지 그냥 해보는 수밖에😌 그거 외엔 딱히 낙이란게 없어서 이제 노는것도 질릴대로 질렸고 그냥 뭔가 흠. 내가 할 수 있는 것들을 열심히 하는 그런 후회없는 2022가 되었음 한다.🤔 성공하면 진짜 너무 좋고😆😆😆 만일 실패한대도, 이 정도했음 다음번엔 꼭 될거다라는 굳건한 믿음이 생길만큼 뭔가 많이 탄탄하게 쌓아올린 한 해가 됐음을 기원한다. 오늘의 스터디 약 1시간 30분… 요즘 주변사람들을 정말 잘 못챙기는데 물론 이게 좋지 않단 것도 알지만, 현재 나한테 놓인 것들이 나에겐 아직 너무 애틋하고 시급한 것들이라🥲 2022년에도 어쩔 수 없이 유예하는 부분이 생길 것 같다. 하지만, 지금 꽃이 아니라고 슬퍼할 이유가 없는 것처럼 꽃봉오리가 피어날 거라는 믿음만 있다면 일단 그 꽃봉오리를 빨리 피우기 위해 현재 노력해야겠다. 2022 HAPPY HAPPY NEW YEAR!☺️☺️ ",http://blog.naver.com/PostView.naver?blogId=govl117ghgh&logNo=222610408679&from=search&redirect=Log&widgetTypeCall=true&directAccess=false
17,2022. 1. 4. 신년계획 : 네이버 블로그,"2022. 1. 4. 신년계획 돌이켜보면 10대와 20대 땐 늘 뭔가 해내야하는 것들이 있어서, 연말 연초 야심 가득한 계획에 작심삼일 같은 것도 겪어보곤 했었는데..  2021년은 고스란히 지호 키우는 데 바쳤고, 2022년도 그럴 예정이라, 이게 어떻게 보면 참 행복하기도 한데, 내가 이러려고 밤 새워가며 학창생활을 보냈나 조금 슬프기도 한, 그런 싱숭생숭한 마음입니다.  사람은 누구나 본인의 가장 치열했던 시기와 그로 인해 성공했던 경험을 바탕으로 자존감을 상승시키며, 살아가는데 원동력을 얻는다고 합니다. 나를 단단하게 받쳐주던 기억의 단편들이 어쩌면 서서히 아득해져 가는 것이 아닐까 그런 생각들을 합니다.   물론 그런 우울한 생각에 잠식되어가는 순간에도, 아기는 꿈을 꾸고, 자면서도 엄마를 찾고, 나를 이 세상에서 가장 필요한 사람으로 만들어 줍니다. 아기를 안으면, 사실 세상살이 걱정들이 한 순간에 없어져요. 무척 평온하고, 행복한 감정만 남습니다. 그런 마법에 엄마들은 또 다른 삶의 원동력을 얻는 것이겠죠.  우선 2022년에는 둘째를 갖기로 했습니다. 물론 아직 10000000000% 확정된 것은 아닙니다. 내가 갖자고 했을 땐 남편이 모종의 이유로 반대했고, 또 이번엔 내가 포기하려고 하니 남편이 설득하는 뭐 그런 이상한 상황입니다.  실은 여유만 있다면 셋, 넷도 낳고 싶은 심정입니다. 빅토리아 베컴이 부러워요. 아기를 낳는 것은 물리적으론 당연히 너무 고통스럽고 힘들지만, 세상의 모든 기쁨을 가져다 줍니다. 아주 아주 작고 근소한 차이로 기쁨이 힘듦을 이깁니다. 아, 어쩔 땐 힘듦이 기쁨을 이기지만, 평균적으로 말입니다..  그리고 이사와 인테리어가 계획대로 마쳐진다면 벚꽃놀이를 집 앞에서 즐길 예정입니다. 그 후 5월 말엔 원래 미국 일정이 잡혀있었는데, 코로나와 생각지 못한 변수로 약간 딜레이 되었습니다. 이번 해에는 마일리지로 일등석 타보나 했는데..  가을 쯤엔 임신 예정이고, 겨울엔 태중 아기와 조심스러운 나날을 보낸다는 뭐 그런 시시한 계획입니다. 어디에도 복학이 없네요. 사실 숨겨둔 꿍꿍이가 있긴 한데, 계획대로 될 지 모르겠어요. 아기엄마의 삶은 계획에 맞춰 진행하기가 무척 어렵습니다.  이제 지호가 조금 커서, 많은 것들을 이해하고, 인과관계를 파악하고, 똑똑해지는 것과 별개로 점점 더 장난꾸러기가 되어 가고 있습니다. 이 아이에게 더 크고 반짝이는 세상을 구경시켜주고 싶어요. 무서운게 있으면 함께 하고, 어려운게 있으면 같이 하고, 행복한게 있으면 더 기뻐해주는 부모가 되고 싶습니다.  지호 걱정해주신 분들 모두 고맙습니다. 우리 아기가 이렇게 사랑받고 있다는 걸 알고, 베풀 줄 아는 사람이 되어야 할텐데요! 모두 새해 복 많이 받으세요! 건강과 재력이 함께하는 완벽한 한 해가 되시길 바랍니다. ✨ ",http://blog.naver.com/PostView.naver?blogId=dk_yelin&logNo=222612318259&from=search&redirect=Log&widgetTypeCall=true&directAccess=false
18,"프리다의 2022년 신년계획 선언하기-다이어트 성공,책쓰기,유튜브,월세받기 : 네이버 블로그","프리다의 2022년 신년계획 선언하기-다이어트 성공,책쓰기,유튜브,월세받기 1월 5일입니다. 2022년이 밝았나? 했더니 어느새  5일째네요.아이들이 방학이라  삼시세끼 차려대느냐, 중간 중간 간식주느냐 작은아들이 영어공부하다  모르면 불러댑니다. 제법 공부하는 방법을 알아가는게  대견합니다만.참을 인, 참을 인, 참을 인 ( 미안하다 아들아) 2021년 돌아보기 다이어트 성공 셀프 인테리어 성공 유튜브 채널은 준비중 2021년을 돌아보니 다이어트와 아파트 셀프리모델링 프로젝트로 정신없이 휘리릭 지나갔습니다. 2020년 4월 무렵 제가 다이어트에 도전하며 실천하는 내용을 적었었는데 성공!! 했습니다^^  2021년 3월부터 셀프인테리어 , 아파트 리모델링 준비하며 7월말 8월까지 공사완료하고 9월1일에 다시 이사 들어왔답니다.  긴 대장정의 막을 내리고 , 리모델링은 끝났지만, 홈스타일링이 남아있어요 그리고 유튜브 채널을 오픈하려던 계획은 아직 준비중으로 1월중 오픈을 목표로 하고 있습니다.  2022년은? 다이어트 유지하기 셀프인테리어 책쓰기 인테리어 유튜브 채널 오픈하기 상품소싱, 동대문사입,스마트스토어 업그레이드 강의로 여러분과 만나기 월세받기 무려 19kg을 감량하고 3-4키로 다시 왔다갔다 하고 있어요. 올해는 이 감량한 부분을 다시 3-4키로 왔다갔다 하지 않게 몸무게보다는 체지방을 줄이고 , 근육량 늘리기  출판사와 목차컨펌이 되고 곧 계약을 앞두고 있어요 지난번에도 한번 말씀드렸는데  6개월간의 기록을 남기고 싶고 준비하시는 분들께 도움이 되고 싶어서 책으로 준비하던 차 출판사에서도 인테리어 관련 책을 내자고 연락이 와서 진행하게 되었습니다. 상반기에는 책이 나올 수 있도록 열심히 쓰고 있습니다.  리빙아이템 많이 팔아본 저는 인테리어, 공간 꾸미기에도 관심이 많아서  셀프인테리어,셀프리모델링을 주제로 유튜브 채널도 오픈준비중입니다. 짜잔 멋지게 하려고 너무 준비만 하는 것보다 일단 하면서  더 멋지게 하려고 1월중 오픈목표로 하고있습니다. 1월7일에 시작되는 2022년 동대문사입 실습강의부터 업그레이드되어, 브랜딩과 상품기획 측면을 강화한 강의들로 만나게 됩니다.  이미 강의들으셨던 분들도 업그레이드 강의 다시 신청해주시고 계시네요.  컨설팅으로 또, 여러강의에서 만나는 분들의 니즈가 더 많이 반영되고,  더 강력한 커리큘럼으로 하나씩 오픈합니다.  기다려 주신분들 감사합니다. 돈 더 버실 수 있게 프리다가 노력하고 있습니다.^^ 00해서 얼마벌었어요~  이렇게 하면 00만원 벌수 있어요~  이런 말들을 제가 좋아하지 않다보니  제 블로글에서는  이런 제목이나 어그로를 보신적이  없으실거예요 여러 영상강의나 유튜브 채널들이 이런  제목으로 관심을 끌죠.. 제가 얼마 벌었다고 이야기한 적 없을거예요. 그래도 궁금하시잖아요?^^ 구체적인 금액은 말씀드리지 않지만 저에겐 등기부등본 3장이 있습니다. 송파구에 2개 , 강원도에 1개  송파구에 있는 빌라를 지금 반전세를  주고 있는데 매매가도 많이 올라서  매입금액보다 30%이상 올랐습니다.  그리고 올해말에는 완전하게 월세로  돌리려고 합니다.  올해 8월정도부터 전월세 부분이 많이  오를거라 예상됩니다. 점점 더 저의 파이프라인은 늘어나고 있습니다.  파이프 라인 구축하는 다양한 방법이 있습니다.  내가 뭘 할 수 있을까? 궁금하신 분들은 비밀댓글로 이력을 남겨주시면 파이프 깔아드리겠습니다. 깔아드린 파이프를 여러분들이 이어나가시면 됩니다. 요건 신년 이벤트로 해볼까? 하는 생각이 팍 드네요^^ 아직 새해 목표 세우지 않으신 분들은  ""2022년 목표 선언하기""를 통해  자기 암시하시고 글로 적어 시각화 하셔서 매일마다 반복하세요 자기 암시는 녹음하셔서 매일 차분하게  눈을 감고 들으시면 효과 있습니다. 저도 그렇게 이루었습니다.  여러분들 돈 더 많이 버시라고  프리다가 있습니다. 오늘 선언하기 시작해보세요!! 2022년은 여러분의 것입니다. ",http://blog.naver.com/PostView.naver?blogId=bims10&logNo=222613310138&from=search&redirect=Log&widgetTypeCall=true&directAccess=false
19,연말 정리하고 신년 계획은 없다 : 네이버 블로그,"

2018년 아이 학교 언어폭력 피해, - 자존감 낮은 엄마였을 때라 아이를 적극 구제해주지 못했고아이 스스로가 길을 찾았다.아버님 별세 - 걱정 인형인 내가 가장 위기감을 느끼게 됨투자사기- 위기감에 사로잡혀 했던 투자결과는 뭐, 참담했고 인생을 바꿔놓았다.2018년은내 인생에 있어 큰 변곡점 된 해다.하필 2018년인고^^살아야 하고 살아 내야 하다보니나를 낮출데로 낮추었고솔직해졌다.그때는 감당할 수 없는 고통이었고감당할 수 없는 고통은 없다고 하는데나한테 왜 이런 시련이 왔을까 내가 무슨 잘못을 크게 했기에이런 시련이 왔을까?허공에 대고 원망을 했다.인생 뜻대로 되지 않구나를 깨달으면서 이후로는 계획이라는 것을 세우지 않고 살았다.그냥 모든게 내가 잘못 살아서시련이 왔다고 생각하고 살아야살 수 있는 시간이었다.교만을 내려놓고 살았다.생활력 강한 엄마를 보고 자라서인지독립체로서 가계를 꾸려야 하겠다는의지가 강했고 만족이라는것,가진 것이 얼마나 따뜻하고충분했다는 것이었는지를다 잃고 나서야 알게 되었다.주부로 월 2~300씩 벌고그 일에 보람을 느끼기 보다남의 기회를 빼앗는다는 생각에놔버리고 부동산 운영하며 노력 대비 버는 벌이와 직업상큰 돈이 오가는게 습관이 돼돈의 무게감을 잃게 되었다.2018년 이후 늘 지인들에게 난 대기만성할 거라고 했다.4년의 고통, 당하지 않으면 알 수 없는 내 고통 앞에서 자기 손가락 다친게 더 아프다는 사람들을 보면서 인간은 크던작던 내 고통이 가장 아픈것이구나를 보았다.위로도 스스로에게 준비되어 있지않은 상황에서는 함부로 해서는 안된다는것도.지금도 상황은 크게 좋아진것은 없으며내 마음가짐과, 태도, 삶의 방향이 바뀌었다.그리고 이해되지 않는투자는 절대 하지 않는다는 것.그리고 인내하고 기다리니 새로운 기회는 오더라는 것.대기만성 4년 했고이제는 고진감래를 해야 할 때다.2022년 계획은 세우지 않는다.뜻대로 안 될거고 그냥 그때 생기는일들로 손안에 쥔 것으로 행보를 정할거다.난 누워서 감이 떨어지길 기다린적이없으니, 실패하더라도 늘 실행을 했으니저 감은 내가 따 먹을거다.

",http://blog.naver.com/PostView.naver?blogId=cyj2133&logNo=222609261000&from=search&redirect=Log&widgetTypeCall=true&directAccess=false
20,작년의 신년 계획 확인 : 네이버 블로그,"작년의 신년 계획 확인 *페북에 올렸던 글임 1년 전 오늘, 2021.01.03 신년 계획의 실천을 확인해 보았다.  1. 우선 시간 약속을 늦는 경우가 거의 없어졌다. 진짜 나 자신에게 박수를!!! 👏🏻👏🏻👏🏻 다른 건 몰라도 (학교는 가끔 지각할 뻔하기도 했다,,) 친구들과의 시간 약속은 내가 먼저 도착한 경우가 많았다! 네이버 캘린더로 전날 약속이 있다는 걸 인지했고 각각의 준비단계를 마쳐야 할 시간, 집에서 나가야 시간의 알람을 맞춰두었다. 2. 마감시간도 조금 더 잘 지키게 된 것 같다..! 미리미리 하는 건 여전히 어려운 일이지만, 마감 시간이 지나면 아예 제출이 불가능한 학교 홈페이지 덕인지, 퀄리티를 낮춰서라도 시간 안에 제출할 수 있게 됐다. 올해는! >>실제 마감 하루 전을 스스로 마감시간으로 잡고 끝낸 후 당일에 수정을 해서 제출하기<< 습관화하고 싶다. 3. 진로에 대한 고민은 많이 했다. 여전히 명확한 직업명을 장래희망으로 세울 필요는 없다고 생각한다. 하지만, 나에게 잘 맞을 직업의 요건이나 내가 잘하고 좋아하는 일을 명확히 설명할 수 있다!  4. 새로운 것도 많이 배웠다. Shout out to 계성고~~~ 가장 큰 발견은 '코딩을 배웠고! 재밌다!' 라는 것이다. 파이썬이랑 통계 프로그램 R을 정보 수업과 학교 프로그램으로 배웠는데 상당히 재밌다. 심지어 학교 선생님들께로부터 천직이라는 말씀도 들었다.. (녜?!) 암튼 계속 익혀서 나의 도구로 삼고 싶다. 과학기술로 사회문제를 해결하는 것에도 관심이 생겼다. 이외에도 심리학 스터디 등으로 심리학 사상도 쭉 훑어보기도 했다. 아! 진짜 새로운 경험은 헬스장을 다닌 것이다!! 처참한 체육 점수를 보고 여름방학부터 다니기 시작했는데 의외로 즐기고 있다 ㅎㅎ 나가는 건 귀찮은데, 가면 성취감과 재미를 얻는다 ㅎ 5. 다양한 곳도 꽤 갔다! 바쁜 시간을 틈내서 한국의 다양한 모습을 눈에 담고 사회를 느끼고자 했다. 8월 16일 대체공휴일에 노량진에 혼자 여행을 다녀오기도 했다. 거의 서울 시내였다는 게 아쉽지만, 현장에 가는 것 자체가 사회문화적 통찰과 학습에 도움이 된다는 걸 느꼈다. 노량진 거리의 학원 갑판만 읽어도, 수산시장의 열기만 느껴도, 한 블록을 사이로 분위기가 다른 길음동의 재개발 현장만 보아도, 강북의 새 아파트만 보아도 그 안에 배움이 있었다.  6. '도전하기...'라는 목표는 아예 잊고 있었다 ㅎㅋㅋ. 그럼에도 도전하는 한 해를 지낸 것 같다. (사실 도전이 살짝 천성이라?! 😄🤣) 엄청난 용기로 ""도전!!!!!"" 하는  느낌은 아니지만 새로운 시도 그리고 위험 감수의 일은 많이 했다. 그리고 사실, 많은 고민 끝에 큰 용기로 인생에 한 휙을 긋는 결정도 내렸다. ㅎㅎ. 7. '학교 도착 후 CCM 들으며 기도하기' 라는 목표는 목표 자체를 잊어서 꾸준히 실천하지는 못했다. 그러나, 공교롭게도 우리 학교가 가톨릭이기에 매일 아침 ""평화의 기도""가 나왔고, 덕분에 기도로 아침을 열 수 있었던 것 같다. 8. 아쉬운 점은 독서를 적게 했다는 것 (K-고딩에게 독서는 무리...라고 말하는 건 핑계지 하핳) 과 ""회피하지 않기"" 목표에 대해, 완전히 O라고 대답하기 어렵다는 것이다. 그냥 회피해버리고 '내일 아침에 일어나서 하지'라고 생각한 날이 많다. 올해는 >>다음날 할 일, 시간대별 계획 적고 자기<<를 습관화하고 싶다. 더불어, 올해 시간 영수증 작성을 꽤나 꾸준히 했는데, 시간을 소중히 여기고 내가 낭비하는 시간을 알기에 좋은 것 같다. 앞으로도 지속하고자 한다! 2021 수고했고, 이제 나아가자. 2022! 새해 복 많이 받으세요! ",http://blog.naver.com/PostView.naver?blogId=arin418&logNo=222613622302&from=search&redirect=Log&widgetTypeCall=true&directAccess=false
21,2022년 신년 계획 : 네이버 블로그,2022년 신년 계획 제 돈 절대 네버 아닙니다 인터넷 펌 ,http://blog.naver.com/PostView.naver?blogId=spirit3721&logNo=222612454333&from=search&redirect=Log&widgetTypeCall=true&directAccess=false
22,"국내여행 인플루언서, 네이버 이달의 블로그 굿즈 득템 신년계획해봐 : 네이버 블로그","국내여행 인플루언서, 네이버 이달의 블로그 굿즈 득템 신년계획해봐 ",http://blog.naver.com/PostView.naver?blogId=iamromy&logNo=222608888546&from=search&redirect=Log&widgetTypeCall=true&directAccess=false
23,"신년 계획 1년에 1000키로 달리기 성공, 러닝 어플 '런데이' 추천 : 네이버 블로그","신년 계획 1년에 1000키로 달리기 성공, 러닝 어플 '런데이' 추천 Runday / 런데이 달리기를 시작한 이유 코시국 수영장 폐쇄 후 꿩 대신 닭으로.. 여의도 퇴근 후 뛰어서 집에 가기도 달리기를 시작하게 된 계기는 원래 데일리 운동으로 수영을 다니다가 코로나 이후 수영장이 닫혀 갈 수가 없게 됐다 운동을 하다 안 하니 몸도 찌뿌등하고 무엇보다 스트레스 관리가 너무 안 되는 거 같아 수영을 대체할 수 있는 운동이 뭘까 고민하다 선택하게 된 대체재가 바로  러닝 저녁 잠수교 달리기는 정말 최고 30년 살면서 달리기를 운동으로 해본 적이 없었다 학생 때 체력장 오래 달리기나 입사 그룹연수 때 아침 구보 정도..? 그래서인지 처음 달리기를 시작했을 때 어떻게 달려야할지 감이 안 왔고 조금만 달려도 금방 지쳐 엄두가 안 났다 달리기 어플 '런데이' 추천 오늘 처음 달려본 사람도 할 수 있다 달리기를 한 번도 제대로 해본 적 없는 나같은 사람을 위한 앱이 있다 바로 Runday 런데이 하라는 대로 하다보면 나도 모르게 어느덧 30분 쉬지 않고 달릴 수 있게 만들어주는 마법의 어플이라 할 수 있다 런데이 코스 추천 - 30분 달리기 도전 1분 뛰기로 시작해서 8주 후엔 30분 뛰는 나의 모습 런데이에는 다양한 러닝 프로그램이 있는데 초급자들에게 가장 적합한 것은 8주 코스로 구성되어 있는 30분 달리기 도전 달리기를 전혀 못 하는 사람도 시작하는데 무리가 없는 코스라 남녀노소 누구든 도전해봄직 하다 1주일에 3회씩 구성된 달리기를 마치면 8주차 마지막 날 30분을 뛸 수 있는 프로그램 아니 어플 하나 받는다고 3분도 못 뛰던 내가 30분을 뛸 수 있다고...? 싶었지만 뛸 수 있습니다.  첫날 1분 뛰고 2분 걷기를 반복하다 조금씩 뛰는 시간을 늘리고 조금씩 걷는 시간을 줄이다보면 어느 순간 30분을 달리는 나를 발견할 수 있다 런데이 어플 장점 시키는 대로만 하면 되구요, 운동 기록 관리까지! 런데이 어플을 사용하기 위해서는 이어폰을 꽂고 달리기를 해야 한다 무선 이어폰이 있다면 훨씬 편하겠지만 유선 이어폰이어도 크게 상관은 없다 어플 실행 후에 코스를 선택해서 재생하면 해당 코스의 시간에 맞춰서 걷기 시작, 달리기 시작, 운동 시작과 끝을 오디오로 알려주기 때문에 따로 시계를 보며 운동 시간을 조절할 필요가 없다 더불어 달리기 중 지루하지 않게 달리기 기초상식(자세, 옷차림 등)을 알려줘서 8주 코스를 끝냈을 땐 거의 책 한 권에 달하는 달리기 관련 지식을 습득할 수 있다 물론 내가 다른 음악이나 팟캐스트를 들으며 달리기를 하고 싶으면 오디오 OFF가 가능하다 메뉴 내 기록을 들어가면 그 동안 달리기 거리와 페이스가 기록되어 있어서 운동 기록 관리에도 좋다 런데이 코스 추천 - 30분 능력 향상 기록 단축, 중급 러너로 넘어가고 싶은 분들 추천 나는 30분 달리기 도전 프로그램을 마치고 지금은  30분 달리기 능력 향상 을 하고 있다 이 프로그램은 30분 쉬지 않고 달리기를 성공한 후에 달리기 기록을 단축할 수 있게 능력 향상을 도와주는 프로그램으로 구성되어 있다 총 6개 코스로 구성되어 있는데 나는 25회 정도 돌렸더니  페이스가 많이 좋아졌다 순수 달리기 페이스만 봤을 때  6분대 였는데 이제는  5분 30초대  정도로 단축되었음! 퇴근 후 혼자 달리기도 하고 친구들을 만나서 같이 달리기도 하고 도저히 못 할 것 같았던 오래 달리기를 이제 무리없이 할 수 있어서 뿌듯하다 러닝은 특별히 필요한 준비물이 없다 러닝화만 있다면 오늘 당장 시작 가능! 시간도 구애받지 않고 혼자서도 하기 좋아서 특별히 별 제약 없이 꾸준히 하기에는 달리기만한 운동이 없는 거 같다 런데이 달리기 다이어트 효과는? 빠집니다, 그치만 식단조절은 필수 달리기하면 살 빠지나요? 네 빠집니다. 4월에 기종이가 자가격리를 하게 되어 나도 예기치 못 하게 2주 집콕을 하게 되면서 사람도 못 만나고 할 수 있는 것이라곤 달리기밖에 없어서 빡세게 운동했더니 살다살다 몸무게 앞자리가 바뀌었다 2주 만에 식단 관리하고 달리기만 했는데 평소 몸무게 대비 3-4키로가  휘리릭 빠졌다 물론 이때 약속도 없고 집밥만 먹고 집에서 건강식만 챙겨먹어서 식단 관리도 병행되었기 때문에 가능했음.. 출처 : Pinterest 달리기 하고 이렇게 먹으면 되려 살이 찝니다,,, 당연한 소리지만 식단 관리를 안 하면 아무리 열심히 운동해도 살이 안 빠진다 사실 큰 기대 없이 시작한 달리기였지만 이젠 러닝은 내 일상에 없어서는 안 될 소중한 루틴이 되었다..🏃🏻‍♀️ 주위 사람들에게도 달리기 전도사가 되어 진입장벽을 느끼는 지인들에게 런데이와 함께 러닝을 적극 추천하고 있다 앞으로는 효과적인 달리기 방법, 달리기 꿀템, 서울 러닝 코스 등 달리기 관련 포스팅을 꾸준히 해봐야지 2022년에도 열심히 달리자! 출처 : Pinterest ",http://blog.naver.com/PostView.naver?blogId=xoxox_&logNo=222604696312&from=search&redirect=Log&widgetTypeCall=true&directAccess=false
24,2022 신년계획 세우는 법 : 네이버 블로그,"2022 신년계획 세우는 법  방향성과 동기를 부여로 시작하라  Stop, Stay, Start! 목표 리스트를 작성하라 ",http://blog.naver.com/PostView.naver?blogId=kpetronews&logNo=222613796526&from=search&redirect=Log&widgetTypeCall=true&directAccess=false
25,2021 신년계획 연말결산 : 네이버 블로그,"2021 신년계획 연말결산 들고다니는 노트 거의 앞페이지에  새해 계획을 적어두었는데  연말이 되어 확인해보니  생각보다 꽤 많은 걸 이루었길래  적어보는 2021 신년계획 연말결산 그런데 문제는  이룬 계획들이 다... 운동 관련된 것뿐 공부는... 공부는...  그렇게 됐다 1. 스페인어 델레 따기 아직 결과는 모르지만 일단 작년 11월에 시험을 보긴 봄 대충 본건 아니고 그래도 한 두-세달 빡세게  겁나 빡세게 공부했다 듣기에서 과락만 안당하면 그래도 기대해볼만 한데.. 뭐 떨어지게 되더라도 올해 5월에 b2 붙을거니까 2. 헬스, 필라테스, 러닝 마지막에 적은 러닝만 했다. 근력운동은 왜이렇게 하기 싫은지 흑흑 지금은 날도 춥고 또 수영에 빠져서 러닝을 제대로 안한지 좀 오래됐는데 그래도 둘레길 트레일러닝도 완주하고 제법 멋진 러너가 되었던 한해였다. 3. 새로 배우고 싶은 거 (테니스, 수영, 프리다이빙 ,댄스) 놀랍게도 테니스 빼고 모두 해봤다 테니스도 몇번 간보기는 했는데 막상 해보지는 못했네 아쉽.. 수영은 지금도 꾸준히 다니고 있고 프리다이빙도 올초에 자격증 따는게 목표다 댄스는.. 배웠다고 해도 되나?ㅎ 친한 언니랑 원데이클래스로 블랙핑크 춤 배웠는뎈ㅋㅋㅋㅋ 아무튼 송파구 로제가 되기 위해 노력했지만 루재 정도가 되었음 4. 5km 마라톤 저땐 몰랐겠지?  5km는 마라톤 아니어도 평소에도 거뜬히 뛰는  러너가 되었다는 말씀 그래도 아직 10km정도만 뛰는 초보러너 나부랭이지만 날이 다시 풀리면 올해는 정말 하프 도전해보기로 해욧 보컬레슨받음 5. 피아노, 바이올린, 보컬, 플룻 악기도 꼭 배우고 싶었던 나.. 피아노는 여름이 오기 전까지 학원을 계속 다녔는데 다시 집으로 들어오고나서  다른 할 것들이 많아서 잠정 중단됐다 하고싶은건 많은데 나에게 허락되는 시간이 너무 적으니 올해는 좀 더 우선순위를 고민해보고 뭘 하면서 놀지 정해야겠다 보컬도,, 바이올린도 배우고 싶은데ㅠ 유투브로 영어공부 안되나요?ㅠ 6. 영어공부 토익은 개뿔ㅋㅋㅋㅋㅋㅋㅋㅋㅋ 영어 분명히 해야되는데  가끔 링글만 하고 영어는 거의 안함 에휴 이러다가  스페인어도 영어도 한국말도 다 못하는 사람 될듯 올해는 더 효율적으로 영어공부할 방법을 무조건 찾아야한다.... 7. 정처기 8. 엑셀, 한글공부 그래 진짜 공부는 하기 싫었구나? 9. 매일 ootd 기록하기 사소한 일도 '매일'이 붙으면 거창해진다 쉽지 않다는 얘기다 그리고 딱히 목적이 없어서 더 그랬다 이번에는 옷안사기 프로젝트를 하니까 그 목적을 위해서 열심히 찍어보려구욥.. 10. 턱걸이하기 네이버페이 연말정산에도 썼지만 턱걸이 성공하겠다고  풀업밴드를 사놓고.. 올라타지도 않은지..몇달... 도대체 어떻게 하면 내 의지력을 가지고 근력운동을 할 수 있을까 아오 11. 해리포터 원서읽기 아 원서도 작년 연초에 사놓고 마법사의돌만 읽고 놨다. 재밌긴 한데... 더 재밌는 책이 많음 또 영어공부용으로 읽으려니까 잘 안읽히는 것이... 정말 불균형 그자체인 나의 2021년 성취들 ㅎ 그래도 2021년은 성취감으로 충만했다 운동의 운도 몰랐던 내가 이렇게 액티비티를 사랑하게 될줄이야 물론 공부같은 건... 거들떠도 보지 않는 바람에  몽땅 실패했지만^______^ 이런 실패를 발판삼아 어떻게 하면 내 하찮은 의지력이  감당할만한 목표를 세울지 다시 고민해봐야겠다.... #연말결산 #새해계획 #두에브리띵클럽 #신년계획 ",http://blog.naver.com/PostView.naver?blogId=naomi0806&logNo=222610559099&from=search&redirect=Log&widgetTypeCall=true&directAccess=false
26,"신년 계획(홈 트레이닝, 2:1 PT, 공부, 최고 매출, SNS 등등) : 네이버 블로그","신년 계획(홈 트레이닝, 2:1 PT, 공부, 최고 매출, SNS 등등) 연말이면 한 해를 어떻게 끝냈는지 돌아보고 내년엔 어떻게 살 것인가에 대해 계획하는 시간을 항상 갖곤 했는데 작년엔  #  때문에 멘탈이 많이 흔들려 계획 없이 한 해를 시작했습니다... 지금 봐도 무섭... 군대 때부터 매년 하던거라 딱히 중요하다는 생각 없이 연말 연초가 되면 블로그던 메모장이던 켜고 신년 계획을 적었는데 안하고 그냥 넘어가니깐 한 해에 뭔가 영향이 있는 느낌이 들더라구요 ㅠㅠ 전형적으로  첫 단추를 잘못 꿴... 결과적으로 저에겐 매우 뜻깊은 해가 됐지만 ㅋㅋㅋ 결과물 만 보면 좀 실망스러운게 많습니다 ㅠㅠ 1. 공부 작년엔 너무 철새 같이 공부를 해서... 뭔가 진득하게 마무리한게 별로 없네요 ㅠㅠ 그래도 정리해보자면 첫번째 Dexterity and its development 앞으로도 계속해서 오랫동안 트레이너 생활을 하고 많은 문헌 및 자료들을 접하겠지만 절대 잊지 못할, 제 트레이너 인생에 가장 큰 영향력을 미친 책이라고 자신 있게 말할 수 있는 서적! 러시아에서 영어로 번역된 걸 다시 한국어로 번역해 읽으려니 정말 골머리도 많이 썩고 내용 자체가 워낙 어려워서 Part 1. 읽는데만 4~5개월은 쓴 거 같습니다... 하지만  완전히 이해할 수 있다면 몇 년을 두고 다시 읽어도 아깝지 않은 책 운동 조절이라는 영역을 공부할 때 단순히 이론이나 연구가 아닌 움직임의 기원과 뿌리에 대해 살펴보고 가장 단순한 생물로부터 어떠한 진화 과정을 거쳐 복잡하고 다양한 움직임을 만들어내고 조절하는 현재의 '사람'까지 도달했는지에 대해 결코 쉽진 않겠지만 통찰해보고 싶은 분들이라면 꼭 이 영역의 사람이 아니더라도 추천하고 싶은 책! 두번째는  Movement Redefined 움직임 재정의 Joel Seedman  트레이너의 개성이 묻어 있는 트레이닝 방법론 관련 책들이 종종 당길 때가 있는데 읽어봤던 그런 류의 책들 중 단연 가장 마음에 드는 책 중 하나! (내 마음엔 꼭 들지만 최고라고 말할 순 없는 ㅋㅋㅋ) 트레이닝 방법론 서적들 정말 훌륭한 저의 최애 트레이너 선민쌤이  저의 취향을 제대로 저격해 추천해주신 아티클부터 저자의 책까지 이어진 케이스 ㅎㅎ 저 카테고리 절반은 Seeman 아티클일듯...ㅋㅋㅋ 기존의 스트랭쓰 트레이닝 방법론의 뉘앙스, 강조점과는 꽤 다른 부분이 있는 책입니다. 기존의 많은 책들이 어떤 유형의 트레이닝이 어떤 결과를 만드는지에 대해 주로 힘 생산과 같은 생리학적 요소들에 초점을 맞추는 반면 스트랭쓰 트레이닝의 과정 자체에 초점을 맞춘 책이라고 할 수 있을 거 같습니다 (ex. 운동 관련 감각기의 기능을 극대화 할 수 있는 트레이닝 방법에 대해 관심을 가짐) 진짜 제가 채택하고 있는 #트레이닝방법론 과 너무 유사한 부분이 많아 진짜 놀라기도 했고 그만큼 공감도 많이 돼서 재미있게 읽었지만 어처구니 없게도 그러다보니 공부는 많이 안됌...ㅋㅋㅋ 아티클도 많이 게재하고  트레이닝도 활발히 하는 사람이라 경험적으로도 훌륭하다 생각하지만 현재 이 사람의 강조점이나 트레이닝 결과와 관련해 잡음이 좀 있다고 ㅠㅠ 한국 구석 어딘가에 형이랑 같은 트레이닝을 추구하는 사람이 있다는 걸 잊지말아줘 ㅋㅋㅋ 나머지는 아티클과 그 때 그 때 필요한 논문을 몇 개 읽었는데 그 외엔 뭐가 없네요... 솔직히 아티클 몇 개는 포스팅용 2. 운동 운동은 꾸준히 했지만 사실 몸에 큰 변화나 기록 경신과 같은 어떤 목적을 정해놓고 한건 아니라 좀 미흡하다는 생각이 드네요...ㅠ 맨 몸 운동 좀 많이 한듯? ㅎㅎ 올 해는 상큼하게 목표를 정해놓고 해볼까 생각중입니다. 선민쌤이 추천해주신 오버헤드 프레스 80kg 스플릿 스쿼트 80kg 이런걸 목표로 ㅎㅎ? 3. SNS 연말에 네이버에서 제시한 데이터 보고 충격... 연말인데  2020 올린 글 272개 그 와중에 2년째 1위 ㅋㅋㅋㅋ 그래도 센터를 오픈하며 시작한 인스타는 꽤 부지런히 올려서 280개 정도 찍었네요 ㅎㅎ 이게 올 해 7월부터 시작한거니깐 이 페이스면 내년엔 7~800개 되겠는데??? 그래도 저희 센터의 근본은 블로그이기 때문에... 좋은 글들 더 많이 쓰려고 노력하겠습니다 ㅠㅠ 신년 목표! 올 해 목표를 요약하면 최고 매출 경신 기초 튼튼히 하기 블로그 200개 홈 트레이닝 영상 꾸준히 제작 사업을 할 때 수입은 아주 큰 자극제가 됩니다 ㅎㅎ 물론 돈 때문에 양심이나 정체성을 버려선 안되지만 ㅋㅋㅋ 돈은 좋지만 양심은 팔지 말자 ㅎㅎ 트레이너를 정확히 2015년 1월부터 시작해 이제 8년차 트레이너가 됐는데 그동안 사실 돈과 관련해 크게 욕심을 낸 적은 없습니다. 그래도 8년 동안 남부끄럽지 않게, 나름대로 성실하고 열심히 살아온만큼 돈으로도 확인 받고 싶은 마음이 생기더라구요 ㅋㅋㅋ  현재의 태도나 초심이 훼손될 정도로 돈에 욕심을 내진 않을거니깐 걱정 안하셔도 됩니다 ㅎㅎ 이번년도에는  트레이닝의 기초가 되는 학문들 에 대한  공부에 힘을 좀 써볼까 생각중입니다 아마 운동학, 신경 생리학 정도의 베이스가 되는 책들을 봐볼까 생각중인데 좀 더 구체적으로 생각해봐야 될 거 같습니다! 다시 볼 수 있겠지...? 그리고 제 트레이닝의 뿌리가 되는 책들도 다시 봐보려고 합니다! 새롭게 접하는 책은 1~2권으로 만족하고 토대를 다지는 느낌의 1년을 보내려 합니다ㅎㅎ 매년 블로그 포스팅 수가 줄어들고 있어서... 이 나쁜 흐름을 끊고자  200개 블로그 포스팅 을 목표로 열심히 해보려고 합니다! 이틀에 하나 정도만 꾸준히 올려도 90% 가량 성공할 수 있는 계획이기에 열심히해서 작년보다 더 많은 게시물 포스팅 할 수 있도록 노력하겠습니다 ㅎㅎ 충분히 잘 고려한다면 # 홈트레이닝  도 유용하게 쓰일 수 있을거라는 생각이 들어 꾸준히 관련 영상을 올려보려 합니다! 목표는 1년 동안 총 48개! 한 달에 4개 정도를 목표로 하고 있습니다. 현실적인 부분도 많이 고려했으며 PT와 적절히 섞일 때 가장 좋은 효과를 볼 수 있는 방향으로 구성하고 있으니 잘만 따라오신다면 분명 좋은 효과 볼 수 있을거라 생각합니다~ 많은 회원님들의 관심과 격려 덕에 결코 부족하지 않은 한 해를 보낼 수 있었습니다. 나름 밑바닥(?)부터 올라온 사람이라 이게 얼마나 감사한 일인지 잘 알고 있습니다. 초심 잃지 않고 회원님들 건강에 더 기여할 수 있도록 열심히 노력하겠습니다!! 한 해 동안 정말 감사했습니다. 이번 해도 잘 부탁드리겠습니다^^ ",http://blog.naver.com/PostView.naver?blogId=jcs129&logNo=222613678574&from=search&redirect=Log&widgetTypeCall=true&directAccess=false
27,2021년 강평 및 2022년 신년 계획 : 네이버 블로그,"2021년 강평 및 2022년 신년 계획 2021년 다사 다난했다. 일단 업무에 적응하느라 앞에 8개월 정도는 그냥 날려먹은거 같다. 아직도 갈길이 태산이긴한데 그래도 그나마 요즘은 숨통이 좀 트였다. 야심차게 만들었던 만트라 차트 만다라트인지 뭔지는 이미 개박살나서 짜논거 하나도 못했고 2021년에 계획하였던 만다라트 그대로 2022년에도 쓰겠습니다 ㅋㅋㅋㅋ 연말에 데드리프트 1RM 도전했다가 난생 처음으로 허리를 다치는 바람에 기껏 상환한 부채들도 배달의 민족한테 당헤서 다시 원점으로 돌아왔다. 2021년의 경우 너무 많은것을 하려고 했기에 오히려 하나도 제대로 하지 못하지 않은게 아닐까 싶다. 직장에 외국어, 독서, 기술, 운동, 제테크등등..... 하다 못해 조금씩하던가 너무 많은것을 하루에 때려박으려고 했던것이 문제인것 같다. 올해는 실천 가능한 범위에서 해봐야겠다.  2022년 목표 특히 운동의 경우 집에만 쳐박혀있으니 식단 조절이 필수인데 자꾸 냉장고랑 편의점이랑 배민앱에 눈이가니 이게 문제인것 같다. 운동량을 늘리지 못하면 먹는거라도줄여야 하는데.... 일단 좀더 고민을 해봐야겠다. 운동을 하다보니 다른 운동도 막 눈에 들어온다. 유도도 다시하고 싶고 크라브 마가도 배워보고 싶고 클라이밍도 해보고 싶고 테니스도 해보고 싶고 흠.... 일단 좀 더 알아봐야겠다. 목표는 1년동안 월 1KG 씩만 감량해봐야 겠다. 그러면 내년 이맘때는 12KG이 줄어있겠지? 1월 2월 3월 4월 5월 6월 7월 8월 9월 10월 11월 12월 2022년 1월 기술 뭔가 벽에 막힌거 같다. 이거하나 해결하면 저게 튀어나오고 이거 해보려그려면 이게 문제고..... 보안이라는 분야가 괜히 컴공과 4학년들 전공선택과목이 아니네 후.... 여전히 어렵다...... 자격증보다는 꾸준히 부족한 부분을 채워나가는게 좋을것 같다. 팀장님 가라사대 이제 기본기를 익힐 타이밍은 지났다고하는데 죄송합니다아아아악 ㅠㅠㅠㅠㅠ 아직도 모르는게 너무 많습니다........ 근데 상반기 리뷰에 쓸만한걸 만드려면 기본기 이상의 부분도 손을좀 대긴해야하는데 흠.... 일단 내가 당장 개발을 할수는 없는 노릇이니 스노트룰이랑 PCRE 쪽을파서 정책/탐지 개선 쪽으로 방향을 잡으면서 올해 기본기 쪽은 대학교에서 전공 수업 듣는다고 생각하고 1학기 2학기로 나눠 가능한 선에서 천천히 해봐야겠다.  상반기 목표 6월 31일 까지   - 핸즈온 해킹 완독(주교재) + 리버싱 이 정도는 알야지, 리버싱 입문(부교재)+@    하반기 목표 12월 31일까지  - 개발쪽 손대보기(자세한 계획은 하반기 작성) 1월  2월 3월 4월 5월 6월 7월 8월 9월 10월 11월 12월 외국어  일단 리얼클래스 환급부터 받자...... 하루라도 놓치면 끝이다. 8개월 남았다. 영철이의 가벼운 영어한마디가 있었네..... 예전에 다끝낸 가벼운 영어에서 사은품 같은 걸로 줬던건데 이것도 33권 밖에 안되니 빨리 털어내야겠다. 리얼클래스도 하고 있으니까 이거는 걍 여유있게 3월 까지 끝내는걸로, 중국어는 어쩔수 없다. 기술적인 부분이 좀더 궤도에 오르면 그때 다시 하는걸로. 하반기를 기대해 보자. 1월 2월 3월 4월 5월 6월 7월 8월 9월 10월 11월 12월 독서 작년에 유일하게 반타작이라도 성공했던 목표인데 역시 책을 100권을 읽으면서 다른 것들까지 다하려고하는건 무리데시타. 결국은 48권에서 멈춰버렸습니다. 올해는 그냥 일주일에 한권 이상 읽는 걸로 하고 꼭 독후감을 올려야겠다. 독후감을 안쓰니 책내용이 기억이 안나...... 그리고 2023년도에는 부캐로 제테크, 트렌드 이야기 쪽에 방점을 두고 IRL 쪽으로 방송을 해볼까 하는데 지금 생각해놓은 컨셉으로 가려면 재무재표 관련 서적을 꼭 한권씩 이상은 읽어야 겠다. 1월 2월 3월 4월 5월 6월 7월 8월 9월 10월 11월 12월 제테크 매수는 기술 매도는 예술. 매도가 역시 어렵다. 욕심에 지고 공포에 속는다. 흠.....마인드 컨트롤을 좀 연습해봐야긋다. 식비가 상당히 많은 부분을 차지한다. 이 부분도 좀 리미터를 걸던가 해야지 이대로 가면 파산이다. ------------------------------------------------------------------------------------------ 여튼 2021년의 신기씨 정말 아주 고생많았고 2022년의 신기씨 어서오고. 올해는 꼭 어제보다 나은 내가 되어있기를 바란다.  ",http://blog.naver.com/PostView.naver?blogId=lalalalala15&logNo=222610614396&from=search&redirect=Log&widgetTypeCall=true&directAccess=false
28,2022년 도하걸의 신년계획 : 네이버 블로그,"2022년 도하걸의 신년계획 예쁘다 나한테 가장 잘 어울리는건 뭘까용? 호호호호 2021 서울 빛초롱 축제 내가 종로구에 살다보니까 이쪽 근방은 거의 걸어서 다닌다 서울살이 2년차가 다 되어 가는데, 이 살얼음 판을 걷는듯한 추위는 아직도 적응이 아니되무니다; 너모너모 춥다 ㅠㅠ 살을 도려내는것 만 같어 거의 모스크바랑 맞먹음 ㅜ 거기 마이너스 20도 막 이런데; ( 갑자기 러시아 하니까 내 돈 털릴뻔해서 폴리스맨 부른거 생각나네 낄낄...) 겸손은 머리의 각도가 아니라, 마음의 각도다 교보문고 앞을 지나갈 때마다 눈길이 간다  이번에는 겸손에 대한 문구다..♥ 마포구에서 용산으로 넘어갈 때 지나는 다리에서  이렇게 한강뷰를 만끽할 수 있어 좋다 ! 지하철보다는 버스가 훨씬 좋지만... 서울에서 교통체증을 생각하면 ㅠㅠ 또르르 나의 크리스마스이브 ♥ 익선동 뿌수고 옴ㅋㅋㅋㅋㅋㅋ 샤브샤브 맛집 줄서서 웨이팅한 보람이 있었다^^ 저날 마이나스 9도였는데 오돌오돌 오돌뼈 모드 on... 작지만 마음이 담겨있음을 알면 그 크기는 이루 말할 수 없이 크나큰 선물이 된다; 올해 나는 혼자가 아니었고 주변 많은 사람들과 한데 어울리며 그 속에서 많은 도움을 받아 으쌰으쌰 했던 것 같다! 내년에도 잘 부탁합니다 동무들 :) 클라크 인연으로  이렇게 수도권에서 연을 이어가고 있는 지연이. 서울에서 혼자사는 나를 위해 집밥을 차려주고 싶다고 신혼집에 초대를 해줬다  너무 고마운 일이다♥ 신혼집답게 아주 깨소금이 팍팍 묻어나는 사진덜,, ㅎ ㅏ,,, 심장아포 너무 귀여운 이케아 몽몽이 ㅋㅋㅋㅋㅋㅋㅋㅋㅋㅋㅋㅋㅋㅋㅋㅋㅋㅋㅋㅋㅋㅋ 카타르항공이냐고; 밥 저래 많이 먹었는데ㅠㅠ 또 2차로 디저트 폭격ㅋㅋㅋㅋㅋ 사육당함,, 행복한 사육 ♡ 정이 넘쳐나는 경상도 언냐덜 우짜면 좋노 너무 져아~~~ 이거 클라이막스라고 ㅋㅋㅋㅋㅋㅋ 트리사진 꼭 찍어달라고 히히.. 이뿌게 잘 찍었지? ^^^^^^^^* 이날 상다리 부러져라 요리해준 지연이 나 잘 챙겨먹으라고 또 누룽지랑 제주감귤이랑 바리바리 또 싸줌 ㅋㅋㅋㅋㅋㅋㅋㅋㅋㅋㅋㅋㅋㅋㅋ ㅎ ㅏ.. 뭔가 경상프로방스의 매력이란  너모너모 따뜻하고 몽글몽글한 갬성♡ 제목에는 나의 새해 다짐을 쓸 것처럼 잔뜩 해놓구 ㅋㅋㅋㅋ 이제와서 쓰게되는 군.. 낚시질ㅋㅋㅋㅋㅋㅋㅋㅋㅋㅋ [2022년 임오년 도하걸의 신년다짐] 1. 매일 6시에 일어나서 1시간씩 조깅하기 : 12월부터 아침운동을 하고 있는데 확실히 좋다! 아침부터 텐션이 올라가니 삶의 질이 높아지는 듯^^^^* 이불속에서 아이폰 알람 5분씩 10분씩 연장하며 꼼지락 거리는거 스탑!!! 2. 종이신문 구독 카타르생활을 너무 오래해서(핑계; 레임익스큐즈;).. 한국 세상 돌아가는데 너무나도 무심하였다. 나 머리가 더 텅텅이가 되어가기전에, 까막눈이 되기전에, 지면신문구독 1년을 실행하였다!  짝짝짝 :) 똑순이가 되겠습니다. 사실 종이신문을 안읽어서 상식이 부족한건 아닐터인디.. 마음만 먹으면 인터넷 뉴스나 어플도 얼마든지 활용할 수가 있는데,,, 음 난 책도 그렇고 종이로 넘기는 그 질감이 좋다. 아무튼, 품격있는 문장으로 보는 아침의 세상은 어떨지 너무너무 기대된다 :) 3. 한국사능력시험 1급 한국에 정착해놓고 우리의 얼을 모르는게 말이안된다. 참 이 조그마한 나라에서 어쩜 이렇게 많은 일이 일어난걸까? 한국사 1타강사 문동균쌤 (사실 이분은 공무원 한국사 슨생님;)걸 보고있다. 뭔가 깊이있게 공부하고 싶기도하고, 이 쌤 목소리가 참 굵직한것이 좋다! 딕션이 좋고, 판서가 깔끔하니 집중이 잘된다~~ 너무 조급하진 않되, 그래도 꼼꼼하게 한국사 공부를해서 부족한 상식을 다져가야지 히히.. 4. 한국외대 TESOL  작년에 시도했다가.. 이런저런 우여곡절이 많았지만.. 올해 봄 3월부터 다시 도전이다! 난 영어공부하는게 참 좋다 :) 그래서 좋아하는 언어를 쓰는 일을 하고 싶었고,  그래서 카타르항공에 합격할 수 있었다! 공부하는 동안은 엄청 에너지소모가 많은데,  시간이 쌓이고나면 내가 한만큼 되돌아 오는 게 언어의 매력인 듯; 샤랄라 따땃한 봄에 꽃무늬 원피스 입고 학교거닐 생각하니 벌써부터 행복하네유 ♥ 5. 민음사 세계문학전집 중 6권 읽기 작년에 밀란쿤데라의 농담, 조지오웰의 1984.. 읽다보니 고전의 매력을 좀 느끼게 되었다 여전히 책의 두께나 이런건 좀 부담으로 작용하는데.. 그래도 긴 책을 다 끝내고 보면 성취감도 들고, 내가 생각치 못했던 기발한 발상을 배우기도 한다:) 올해는 좀 더 진득하게 6권 정도를 읽어볼 생각 화이팅^^^^^* 6.새로운 일 시작 불혹이 되기전에 꼭 해보고 싶었던 일이 있었는데, 감사하게도 조금 일찍 시작할수 있게 되었읍니다 호호호 :) #영어 #외국항공사 #외항사 #카타르항공 이러한 키워드를 골자로 이 분야에 필요한 영어티칭을 하는게 목표♥ 이렇게 뚜렷한 목표를 가지고 카타르항공 퇴사를 했기에, 너무나 사랑하는 일을 그만두고 한국에 정착하는것에 대한 두려움이나 걱정은 없었던 듯. '덕업일치' 라는 말처럼 사람은 자기가 좋아하는 일이 무엇인지 아는게 우선이고, 그 것을 업으로 삼을 때 진정성있는 행복감을 느낄 수 있는 듯하다. 자기가 열성적으로 좋아하는 분야의 일을 직업으로 삼으면 행복하다는걸 난 해봤기 때문에 안다. 나를 돌이켜보면 돈을 쫓기보다 의미를 두고 직업탐구를 했던 것 같은데, 원하는 바를 명확히하고 그 속에서 최선을 다하면 금전은 자연스레 따라왔던 것 같다^^^^* 음.. 아무튼 2020년 2021년은 조금 hectic 했는데.. 극복해서 참 다행이다 :) 그리고 2022년이 밝아서 기쁘고 기대된다  지난일이 다 말끔히 해소되어 너무너무 후련하고, 새로운 목표를 향해 나아갈 1월이 너무 좋다  도하걸 화이팅 ♥ ",http://blog.naver.com/PostView.naver?blogId=dohagirl&logNo=222611367374&from=search&redirect=Log&widgetTypeCall=true&directAccess=false
29,퍼스널컬러성격 테스트로 신년 계획 세우자  #링크포함 : 네이버 블로그,"퍼스널컬러성격 테스트로 신년 계획 세우자  #링크포함 퍼스널컬러성격 테스트로 신년 계획 세우자  #링크포함 요즘 페이스북,인스타같은  SNS에서 핫한 퍼스널 컬러 테스트인데요 MBTI와 비슷한 개념으로 여러 질문으로 자신의 퍼스널컬러성격을  알아 볼 수 있어요! 새해를 맞이하면서 신년계획을 세우기 전에  자기 자신을 요알아보는 것 또한 중한데요! 자신이 어떤 사람인지 알고있는 것과 모르는 것은 꽤나 큰 차이가 있어요 예를 들어  이번년도는 새로운 사람을 만나서 인간관계를 더욱 원만하게 지낼 계획을 세우시거나 연애를 할 것이다! 같은 계획을 세우시는 분들한테는 특이 도움이 될 거같아요 저 같은 경우는 당당하게 의견을 제시할 수 있으며 친구나 주변 사람의 부탁을 상황에 따라 완강히 거절할 수 있어요 그렇기에 때로는 직설적이기에 남에게 상처를 줄 수도 있겠죠? 이와 같이 자신의 장점과 단점을 한 눈에 볼 수 있다는 점! 인간 관계에 있어서 조심할 점을 알아볼 수도 있어요 그래서 전 이번년도에는 부드럽게 말하는 방법을 연습 해 보려구요 ㅎ.ㅎ 저는 정리정돈을 잘하고 계획대로 움직이는 것을 좋아해요 그래야 실용적이고 뭔가 마음이 편하더라구요  이렇게 12가지 문항을 성실히 대답해 주시면 자신의 퍼스널컬러성격을 알 수 있어요! 이렇게 자신의 퍼스널컬러성격이 나옵니다! 저는 마리너 색상이 나왔네요  파란색계열은 별로 안 좋아하는데 ㅎ.ㅎ 이렇게 나의 성격을 한 눈에 볼 수 있게 보여주네요 싫어하는 점과 좋아하는 사람도 보여주니 인간관계에 있어서 피할 사람과 다가가야할 사람을 구분하기 쉽겠죠? 또한  나와 잘 맞는 사람의 퍼스널컬러성격 보여주고 잘 맞지 않는 사람도 보여주네요 저는 거리둘 사람이 없나봐요 ㅎㅎ 또한 해당 검사를 통해 퍼스널컬러성격을 알아 볼 수 있어요 'I컬러'는 게인스보로(ISTJ), 그랜디스(ISFJ), 마야 블루(INTP), 보스턴블루(ISTP),  빌로바 플라워(INTJ), 올리빈(ISFP), 제노아(INFP), 혹스 블루(INFJ) 'E컬러'는 글레이드 그린(ESTJ), 마리너(ENTJ), 발렌시아(ENTP), 선셰이드(ENFP),  아쿠아마린(ENFJ), 코스모스(ESFJ), 탄제린(ESTP), 프롤리(ESFP)가 있다. 또 다른 색상으로는 아래 색들이 있어요 <E형> 웜 플레임 ENTP 로즈버드 ESTP 바닐라 아이스 ESFJ 스위트 핑크 ESFP 캑터스 ESTJ 네이버 피오니 ENTJ 다우니 ENFJ 댄덜라이언 ENFP <I형> 앨리스 블루 INFJ 퀄트스 INTJ 오아시스 ISFJ 스프라우트 ISFP 오션딥스 ISTP 세룰리안 INTP 오션베이 INFP 페리글라스 블루 ISTJ ",http://blog.naver.com/PostView.naver?blogId=rhdxofkd88&logNo=222613429922&from=search&redirect=Log&widgetTypeCall=true&directAccess=false
